,temp,atemp,hum,wind,temp_sq,hum_sq,wind_sq,temp_x_hum,temp_x_wind,atemp_x_hum,month,dayofweek,weekend,dayofyear,sin_doy_1,cos_doy_1,sin_doy_2,cos_doy_2,sin_doy_3,cos_doy_3,wcond_2,wcond_3,count
1,9.1,13.2,79.78,10.43,82.80999999999999,6364.8484,108.7849,725.9979999999999,94.913,1053.096,1,5,1,1,0.017213356155834685,0.9998518392091162,0.03442161162274574,0.9994074007397048,0.051619667223253764,0.998666816288476,True,False,982
2,9.9,12.7,68.91,16.16,98.01,4748.5881,261.1456,682.209,159.984,875.1569999999999,1,6,1,2,0.03442161162274574,0.9994074007397048,0.06880242680231986,0.9976303053065857,0.10310169744743485,0.9946708199115211,True,False,797
3,3.1,4.5,43.29,16.14,9.610000000000001,1874.0240999999999,260.49960000000004,134.199,50.034000000000006,194.805,1,0,0,3,0.051619667223253764,0.998666816288476,0.10310169744743485,0.9946708199115211,0.15430882066428117,0.9880226656636976,False,False,1351
4,3.2,5.6,58.45,10.42,10.240000000000002,3416.4025,108.57639999999999,187.04000000000002,33.344,327.32,1,1,0,4,0.06880242680231986,0.9976303053065857,0.13727877211326478,0.9905324521322229,0.2051044998686192,0.9787400799669153,False,False,1559
5,4.3,6.5,43.26,12.15,18.49,1871.4275999999998,147.6225,186.01799999999997,52.245,281.19,1,2,0,5,0.08596479873744647,0.9962981749346078,0.1712931441814776,0.9852201067560606,0.255353295116187,0.9668478136052775,False,False,1597
6,3.4,6.7,51.31,5.82,11.559999999999999,2632.7161,33.872400000000006,174.454,19.788,343.77700000000004,1,3,0,6,0.10310169744743485,0.9946708199115211,0.2051044998686192,0.9787400799669153,0.30492122465628907,0.9523775757303974,False,False,1603
7,3.1,5.4,49.37,10.97,9.610000000000001,2437.3968999999997,120.34090000000002,153.047,34.007000000000005,266.598,1,4,0,7,0.1202080448993527,0.9927487224577402,0.2386727660059501,0.9711000518829505,0.3536761221763716,0.9353679493131483,True,False,1505
8,1.8,3.1,53.05,17.34,3.24,2814.3025,300.6756,95.49,31.212,164.45499999999998,1,5,1,8,0.13727877211326478,0.9905324521322229,0.2719581575341055,0.9623090774541486,0.401487989205973,0.9158642882672872,True,False,957
9,0.7,0.8,42.98,23.53,0.48999999999999994,1847.2803999999996,553.6609000000001,30.085999999999995,16.471,34.384,1,6,1,9,0.15430882066428117,0.9880226656636976,0.30492122465628907,0.9523775757303974,0.4482293417404106,0.893918596519257,False,False,817
10,1.2,2.5,47.81,14.51,1.44,2285.7961,210.5401,57.372,17.412,119.525,1,0,0,10,0.1712931441814776,0.9852201067560606,0.3375228995941133,0.9413173175128471,0.4937755501599772,0.869589389346611,False,False,1319
11,1.9,4.6,67.95,7.94,3.61,4617.2025,63.043600000000005,129.105,15.086,312.57,1,1,0,11,0.1882267098432442,0.9821256058680006,0.3697245428906731,0.9291414114031743,0.5380051715382996,0.8429415373547828,True,False,1259
12,2.1,3.0,59.35,19.8,4.41,3522.4225,392.04,124.635,41.580000000000005,178.05,1,2,0,12,0.2051044998686192,0.9787400799669153,0.401487989205973,0.9158642882672872,0.5808002734538009,0.8140460935082178,False,False,1159
13,1.8,2.5,46.57,19.56,3.24,2168.7649,382.5935999999999,83.82600000000001,35.208,116.425,1,3,0,13,0.2219215130041655,0.9750645322571948,0.4327755925504312,0.901501684131884,0.6220467484408675,0.7829801036770628,False,False,1401
14,1.6,4.4,53.24,8.23,2.5600000000000005,2834.4976,67.7329,85.18400000000001,13.168000000000001,234.25600000000003,1,4,0,14,0.2386727660059501,0.9711000518829505,0.4635502709028509,0.886070621534138,0.6616346182422783,0.7498264012045686,False,False,1419
15,4.6,7.4,49.38,10.27,21.159999999999997,2438.3844000000004,105.4729,227.148,47.242,365.41200000000003,1,5,1,15,0.255353295116187,0.9668478136052775,0.4937755501599772,0.869589389346611,0.6994583270516471,0.7146733860429609,True,False,1252
16,4.5,6.7,47.89,12.25,20.25,2293.4521,150.0625,215.505,55.125,320.863,1,6,1,16,0.2719581575341055,0.9623090774541486,0.5234156073655503,0.8520775211013093,0.7354170229639855,0.6776147890466889,False,False,1201
17,2.2,3.8,53.21,12.61,4.840000000000001,2831.3041000000003,159.01209999999998,117.06200000000001,27.742,202.198,1,0,0,17,0.288482432880609,0.9574851883550393,0.5524353131676196,0.8335557718385699,0.7694148268839378,0.6387494220515272,True,False,999
18,3.9,6.6,85.31,9.54,15.209999999999999,7277.7961000000005,91.01159999999999,332.709,37.205999999999996,563.0459999999999,1,1,0,18,0.30492122465628907,0.9523775757303974,0.5808002734538009,0.8140460935082178,0.8013610881746766,0.5981809144059164,True,False,678
19,7.0,9.9,73.43,13.54,49.0,5391.964900000001,183.33159999999998,514.01,94.78,726.9570000000001,1,2,0,19,0.3212696616923644,0.9469877530760753,0.6084768701151261,0.7935716089521474,0.8311706263658079,0.5560174366570446,True,False,1646
20,5.7,7.8,53.29,12.73,32.49,2839.8241,162.05290000000002,303.753,72.561,415.662,1,3,0,20,0.3375228995941133,0.9413173175128471,0.6354323008901774,0.7721565844991642,0.8587639582758029,0.5123714121284237,True,False,1925
21,2.3,2.9,45.25,22.96,5.289999999999999,2047.5625,527.1616,104.07499999999999,52.808,131.225,1,4,0,21,0.3536761221763716,0.9353679493131483,0.6616346182422783,0.7498264012045686,0.8840675099433636,0.4673592171580022,False,False,1540
22,-2.6,-1.0,39.6,11.18,6.760000000000001,1568.16,124.99239999999999,-102.96000000000001,-29.068,-39.6,1,5,1,22,0.3697245428906731,0.9291414114031743,0.6870527672236669,0.7266075247685656,0.9070138128026359,0.4211008707960896,False,False,979
23,-1.0,-0.1,43.22,16.03,1.0,1867.9684,256.96090000000004,-43.22,-16.03,-4.322,1,6,1,23,0.38566340624360707,0.9226395488404876,0.7116566222817746,0.7025274741691571,0.9275416835791966,0.37371971479046906,False,False,981
24,-1.0,0.9,48.68,10.29,1.0,2369.7424,105.88409999999999,-48.68,-10.29,43.812,1,0,0,24,0.401487989205973,0.9158642882672872,0.7354170229639855,0.6776147890466889,0.9455963874271426,0.3253420847119801,False,False,1410
25,4.2,6.7,61.08,8.44,17.64,3730.7664,71.2336,256.536,35.448,409.236,1,1,0,25,0.4171936026123168,0.9088176373395029,0.7583058084785624,0.6518989958787126,0.9611297838723007,0.27609697309746883,True,False,1983
26,3.9,5.2,85.39,19.1,15.209999999999999,7291.4521,364.81000000000006,333.021,74.49000000000001,444.028,1,2,0,26,0.4327755925504312,0.901501684131884,0.7802958510707755,0.6254105729852463,0.9741004551724205,0.22611568550828828,False,True,501
27,3.0,6.0,68.06,7.4,9.0,4632.1636,54.760000000000005,204.18,22.200000000000003,408.36,1,3,0,27,0.4482293417404106,0.893918596519257,0.8013610881746766,0.5981809144059164,0.9844738167520922,0.1755314904214282,False,False,428
28,3.3,6.2,78.51,8.01,10.889999999999999,6163.820100000001,64.1601,259.083,26.432999999999996,486.76200000000006,1,4,0,28,0.4635502709028509,0.886070621534138,0.8214765533024142,0.5702422926917871,0.9922222094179323,0.12447926388678915,True,False,1164
29,3.1,5.6,64.52,9.45,9.610000000000001,4162.8304,89.30249999999998,200.012,29.294999999999998,361.31199999999995,1,5,1,29,0.47873384011578846,0.8779600847008882,0.8406184056344782,0.5416278206559814,0.9973249731081555,0.07309512989807777,False,False,1094
30,3.9,7.5,71.5,4.81,15.209999999999999,5112.25,23.136099999999995,278.84999999999997,18.758999999999997,536.25,1,6,1,30,0.4937755501599772,0.869589389346611,0.8587639582758029,0.5123714121284237,0.9997685019798909,0.021516097436222254,False,False,1095
31,2.4,4.3,59.77,12.17,5.76,3572.4529,148.1089,143.448,29.208,257.011,1,0,0,31,0.5086709438521044,0.8609610158889943,0.8758917051442429,0.48250774176121847,0.9995462806873573,-0.030120304846908114,True,False,1498
32,2.9,6.7,82.13,3.46,8.41,6745.336899999999,11.9716,238.177,10.033999999999999,550.271,2,1,0,32,0.5234156073655503,0.8520775211013093,0.8919813464595485,0.45207220393230435,0.9966589017541702,-0.08167639533042241,True,False,1354
33,5.7,7.7,76.77,17.18,32.49,5893.6329,295.1524,437.589,97.926,591.129,2,2,0,33,0.5380051715382996,0.8429415373547828,0.9070138128026359,0.4211008707960896,0.9911140639934547,-0.1330147065341959,True,False,1524
34,2.7,3.9,43.34,18.05,7.290000000000001,1878.3556000000003,325.8025,117.01800000000001,48.73500000000001,169.026,2,3,0,34,0.5524353131676196,0.8335557718385699,0.9209712877166346,0.38963044953078796,0.9829265519799822,-0.18399835165768005,False,False,1548
35,3.7,6.4,57.94,8.31,13.690000000000001,3357.0435999999995,69.05610000000001,214.37800000000001,30.747000000000003,370.81600000000003,2,4,0,35,0.5667017562911176,0.8239230057575542,0.9338372288229252,0.35769823883312546,0.9721181966290613,-0.23449138957040985,True,False,1707
36,4.6,7.2,91.99,10.47,21.159999999999997,8462.1601,109.62090000000002,423.15399999999994,48.162,662.328,2,5,1,36,0.5808002734538009,0.8140460935082178,0.9455963874271426,0.3253420847119801,0.9587178169872964,-0.2843591872810034,True,False,1001
37,6.7,9.6,56.26,9.22,44.89,3165.1875999999997,85.00840000000001,376.942,61.77400000000001,540.096,2,6,1,37,0.5947266869607634,0.8039279618328213,0.9562348265919056,0.29260033563334836,0.9427611433904207,-0.3334687789181868,False,False,1619
38,6.1,10.2,73.09,2.95,37.209999999999994,5342.1481,8.7025,445.849,17.995,745.518,2,0,0,38,0.6084768701151261,0.7935716089521474,0.9657399376548549,0.2595117970697999,0.9242907221930934,-0.3816892202666588,False,False,1709
39,4.1,4.9,53.25,23.53,16.81,2835.5625,553.6609000000001,218.325,96.473,260.925,2,1,0,39,0.6220467484408675,0.7829801036770628,0.9741004551724205,0.22611568550828828,0.9033558023246845,-0.4288919379124835,False,False,1526
40,0.5,2.2,48.98,12.27,0.25,2399.0404,150.5529,24.49,6.135,107.756,2,2,0,40,0.6354323008901774,0.7721565844991642,0.9813064702716093,0.19245158197082998,0.8800122039735357,-0.47495107206704995,True,False,1603
41,0.9,2.5,43.3,14.43,0.81,1874.8899999999996,208.2249,38.97,12.987,108.25,2,3,0,41,0.6486295610349814,0.7611042586607747,0.9873494423939864,0.15855938510313478,0.854322169749827,-0.5197438121555155,False,False,1536
42,2.8,5.7,50.13,7.06,7.839999999999999,2513.0169,49.843599999999995,140.364,19.767999999999997,285.74100000000004,2,4,0,42,0.6616346182422783,0.7498264012045686,0.9922222094179323,0.12447926388678915,0.8263541987239096,-0.5631507242749186,False,False,1743
43,4.1,6.6,53.87,13.22,16.81,2901.9768999999997,174.7684,220.86699999999996,54.202,355.542,2,5,1,43,0.6744436188329455,0.7383263540031065,0.995918996147179,0.09025161003104117,0.7961828637826158,-0.6050560696488488,False,False,1468
44,8.0,11.2,45.28,16.96,64.0,2050.2784,287.64160000000004,362.24,135.68,507.13599999999997,2,6,1,44,0.6870527672236669,0.7266075247685656,0.9984354211555643,0.055916990100603484,0.7638886127905428,-0.6453481132295501,False,False,1588
45,12.0,14.9,37.21,27.16,144.0,1384.5841,737.6656,446.52,325.92,554.429,2,0,0,45,0.6994583270516471,0.7146733860429609,0.9997685019798909,0.021516097436222254,0.7295575540864875,-0.6839194216246106,False,False,1910
46,5.9,7.7,31.12,18.94,34.81,968.4544000000001,358.72360000000003,183.608,111.74600000000001,239.62400000000002,2,1,0,46,0.7116566222817746,0.7025274741691571,0.9999166586547379,-0.01291029607500882,0.6932812268869777,-0.7206671495538609,False,False,1813
47,8.0,10.8,41.92,16.37,64.0,1757.2864000000002,267.97690000000006,335.36,130.96,452.73600000000005,2,2,0,47,0.7236440382959124,0.6901733882429719,0.9988797155850336,-0.04732138832243185,0.6551563572090853,-0.7554933140726803,False,False,2109
48,12.9,16.4,49.99,14.96,166.41,2499.0001,223.80160000000004,644.8710000000001,192.984,819.836,2,3,0,48,0.7354170229639855,0.6776147890466889,0.9966589017541702,-0.08167639533042241,0.6152845999633276,-0.7883050558305255,False,False,2470
49,16.4,20.6,51.15,17.22,268.96,2616.3224999999998,296.5284,838.8599999999999,282.40799999999996,1053.69,2,4,0,49,0.7469720876965552,0.6648553979642865,0.9932568492674143,-0.11593459959550041,0.5737722679043246,-0.8190148866680801,False,False,2925
50,11.4,14.6,18.6,32.99,129.96,345.96000000000004,1088.3401000000001,212.04000000000002,376.086,271.56,2,5,1,50,0.7583058084785624,0.6518989958787126,0.9886775902323405,-0.1500553983446526,0.5307300481619334,-0.8475409228928311,False,False,1631
51,6.7,8.9,40.37,14.51,44.89,1629.7368999999999,210.5401,270.479,97.217,359.293,2,6,1,51,0.7694148268839378,0.6387494220515272,0.9829265519799822,-0.18399835165768005,0.48627270710869,-0.8738071036110808,False,False,1807
52,7.4,9.2,59.89,20.01,54.760000000000005,3586.8121,400.40010000000007,443.18600000000004,148.074,550.9879999999999,2,0,0,52,0.7802958510707755,0.6254105729852463,0.9760105506323683,-0.21772323039653177,0.440518784350495,-0.8977433935342337,True,False,1105
53,2.5,4.3,57.2,12.72,6.25,3271.84,161.79840000000002,143.0,31.8,245.96,2,1,0,53,0.7909456567567772,0.6118864012687243,0.9679377830240642,-0.25119006388481935,0.39359027665646673,-0.9192859697186104,False,False,1446
54,4.1,7.3,41.88,6.12,16.81,1753.9344000000003,37.4544,171.708,25.092,305.724,2,2,0,54,0.8013610881746766,0.5981809144059164,0.9587178169872964,-0.2843591872810034,0.3456123126707335,-0.9383773917408641,False,False,1914
55,7.1,9.5,69.04,16.28,50.41,4766.521600000001,265.0384,490.184,115.58800000000001,655.8800000000001,2,3,0,55,0.811539059007361,0.5842981736283684,0.9483615800121715,-0.3171912885891061,0.29671281927349075,-0.9549667548552551,True,False,1804
56,9.9,12.5,70.51,22.53,98.01,4971.660100000001,507.6009,698.0490000000001,223.04700000000003,881.3750000000001,2,4,0,56,0.8214765533024142,0.5702422926917871,0.9368813462954315,-0.3496474552512284,0.24702218048093552,-0.9690098257244062,True,False,1458
57,6.6,9.1,53.25,12.13,43.559999999999995,2835.5625,147.13690000000003,351.45,80.058,484.575,2,5,1,57,0.8311706263658079,0.5560174366570446,0.9242907221930934,-0.3816892202666588,0.19667288979357647,-0.980469160361632,False,False,1965
58,9.1,12.6,67.32,8.14,82.80999999999999,4531.982399999999,66.2596,612.612,74.074,848.2319999999999,2,6,1,58,0.8406184056344782,0.5416278206559814,0.9106046300942163,-0.4132786077829042,0.1457991969198751,-0.9893142039703663,False,False,2396
59,11.7,15.0,86.76,18.83,136.89,7527.297600000001,354.5688999999999,1015.092,220.31099999999998,1301.4,2,0,0,59,0.8498170915275278,0.5270777086423722,0.895839290734909,-0.4443781781046132,0.09453674981719912,-0.9955213724144752,True,False,1443
60,5.9,8.2,52.97,14.07,34.81,2805.8208999999997,197.9649,312.523,83.013,434.3539999999999,3,1,0,60,0.8587639582758029,0.5123714121284237,0.8800122039735357,-0.47495107206704995,0.04302223300453059,-0.99907411510223,False,False,1847
61,8.7,11.0,44.51,20.01,75.68999999999998,1981.1400999999998,400.40010000000007,387.23699999999997,174.087,489.60999999999996,3,2,0,61,0.8674563547295968,0.49751328890718066,0.8631421280499114,-0.5049610547215204,-0.008606996888688009,-0.9999629591162655,False,False,2132
62,3.1,5.0,31.51,14.67,9.610000000000001,992.8801000000001,215.2089,97.68100000000001,45.477000000000004,157.55,3,3,0,62,0.8758917051442429,0.48250774176121847,0.8452490573530633,-0.5343725582809786,-0.060213277365792774,-0.9981855344718586,False,False,1682
63,5.7,7.8,60.43,13.22,32.49,3651.7849,174.7684,344.451,75.354,471.354,3,4,0,63,0.8840675099433636,0.4673592171580022,0.8263541987239096,-0.5631507242749186,-0.11165900712169444,-0.9937465804361781,True,False,1940
64,10.8,13.9,78.13,16.37,116.64000000000001,6104.296899999999,267.97690000000006,843.804,176.79600000000002,1086.007,3,5,1,64,0.8919813464595485,0.45207220393230435,0.8064799463209448,-0.5912614448635781,-0.16280701293851646,-0.9866579328916572,True,False,2073
65,10.4,13.3,93.88,22.31,108.16000000000001,8813.454399999999,497.73609999999996,976.352,232.024,1248.604,3,6,1,65,0.8996308696522433,0.43665123195606403,0.7856498550787147,-0.6186714032625031,-0.2135209154397959,-0.9769384927771817,True,False,608
66,5.7,6.9,54.58,22.19,32.49,2978.9764,492.39610000000005,311.106,126.48300000000002,376.60200000000003,3,0,0,66,0.9070138128026359,0.4211008707960896,0.7638886127905428,-0.6453481132295501,-0.2636654927280072,-0.9646141756912435,False,False,1867
67,7.0,10.1,41.66,7.84,49.0,1735.5555999999997,61.465599999999995,291.62,54.879999999999995,420.76599999999996,3,1,0,67,0.9141279881853337,0.40542572835999735,0.741222010848596,-0.6712599575675313,-0.3131070409358267,-0.9497178427914317,False,False,2134
68,7.1,9.3,76.77,14.31,50.41,5893.6329,204.7761,545.0669999999999,101.601,713.961,3,2,0,68,0.9209712877166346,0.38963044953078796,0.717676913675962,-0.6963762255968722,-0.3617137307297674,-0.9322892131745134,True,False,1886
69,11.0,14.3,0.0,17.02,121.0,0.0,289.68039999999996,0.0,187.22,0.0,3,3,0,69,0.9275416835791966,0.37371971479046906,0.6932812268869777,-0.7206671495538609,-0.4093559588156211,-0.9123747579707274,False,True,619
70,8.0,10.2,64.31,15.14,64.0,4135.7761,229.2196,514.48,121.12,655.962,3,4,0,70,0.9338372288229252,0.35769823883312546,0.6680638642135335,-0.7441039398713607,-0.455906693508459,-0.8900275764346766,True,False,1974
71,8.5,11.3,58.86,14.35,72.25,3464.4996,205.92249999999999,500.31,121.975,665.118,3,5,1,71,0.9398560579418954,0.3415707691678556,0.6420547132365637,-0.766658819300159,-0.5012418134457756,-0.8653072543632061,False,False,2127
72,10.8,14.0,52.21,17.59,116.64000000000001,2725.8841,309.4081,563.868,189.972,730.94,3,6,1,72,0.9455963874271426,0.3253420847119801,0.6152845999633276,-0.7883050558305255,-0.5452404385406507,-0.8382797052177745,False,False,2415
73,8.3,11.6,49.2,8.9,68.89000000000001,2420.6400000000003,79.21000000000001,408.36000000000007,73.87,570.72,3,0,0,73,0.9510565162951535,0.30901699437494745,0.5877852522924732,-0.8090169943749473,-0.5877852522924734,-0.8090169943749472,False,False,2042
74,8.0,10.9,64.91,11.98,64.0,4213.308099999999,143.52040000000002,519.28,95.84,707.519,3,1,0,74,0.9562348265919056,0.29260033563334836,0.5595892624101765,-0.8287700871745038,-0.6287628145958345,-0.7775971469736268,True,False,2052
75,10.0,13.3,76.88,13.2,100.0,5910.5344,174.23999999999998,768.8,132.0,1022.504,3,2,0,75,0.9611297838723007,0.27609697309746883,0.5307300481619334,-0.8475409228928311,-0.6680638642135333,-0.7441039398713608,True,False,2189
76,12.0,15.5,59.69,13.62,144.0,3562.8961,185.50439999999998,716.28,163.44,925.1949999999999,3,3,0,76,0.9657399376548549,0.2595117970697999,0.5012418134457758,-0.865307254363206,-0.7055836101071774,-0.70862667826446,False,False,2741
77,17.1,21.4,52.0,15.02,292.41,2704.0,225.60039999999998,889.2,256.84200000000004,1112.8,3,4,0,77,0.9700639218515071,0.2428497220959356,0.4711595076738638,-0.8820480249558537,-0.7412220108485957,-0.6712599575675315,False,False,3237
78,14.4,18.3,37.54,23.93,207.36,1409.2515999999998,572.6449,540.576,344.592,686.982,3,5,1,78,0.9741004551724205,0.22611568550828828,0.440518784350495,-0.8977433935342337,-0.7748840413670406,-0.6321034111873488,False,False,3115
79,8.6,11.3,46.9,13.5,73.96,2199.6099999999997,182.25,403.34,116.1,529.97,3,6,1,79,0.9778483415056568,0.20931464596304847,0.4093559588156213,-0.9123747579707273,-0.8064799463209447,-0.5912614448635783,False,False,2466
80,12.6,15.5,73.0,18.77,158.76,5329.0,352.31289999999996,919.8,236.50199999999998,1131.5,3,0,0,80,0.9813064702716093,0.19245158197082998,0.3777079652039649,-0.9259247771938498,-0.8359254794186365,-0.5488429582847199,True,False,2073
81,13.1,17.0,61.83,14.67,171.60999999999999,3822.9489,215.2089,809.973,192.177,1051.11,3,1,0,81,0.9844738167520922,0.1755314904214282,0.3456123126707335,-0.9383773917408641,-0.8631421280499115,-0.5049610547215202,False,False,2698
82,9.2,11.9,83.12,15.23,84.63999999999999,6908.934400000001,231.9529,764.704,140.11599999999999,989.128,3,2,0,82,0.9873494423939864,0.15855938510313478,0.3131070409358269,-0.9497178427914316,-0.888057322629493,-0.4597327394521046,True,False,2116
83,6.7,8.5,79.78,15.85,44.89,6364.8484,251.2225,534.5260000000001,106.19500000000001,678.13,3,3,0,83,0.989932495087353,0.141540295217043,0.2802306751992159,-0.9599326896597447,-0.9106046300942162,-0.41327860778290443,True,False,1859
84,5.8,7.8,49.01,15.0,33.64,2401.9800999999998,225.0,284.258,87.0,382.27799999999996,3,4,0,84,0.9922222094179323,0.12447926388678915,0.24702218048093552,-0.9690098257244062,-0.9307239310379793,-0.3657225234972692,False,False,2207
85,5.9,7.9,39.02,13.62,34.81,1522.5604000000003,185.50439999999998,230.21800000000005,80.358,308.25800000000004,3,5,1,85,0.994217906893952,0.10738134666416309,0.21352091543979612,-0.9769384927771817,-0.9483615800121716,-0.31719128858910595,False,False,2490
86,5.4,7.5,48.9,11.98,29.160000000000004,2391.21,143.52040000000002,264.06,64.69200000000001,366.75,3,6,1,86,0.995918996147179,0.09025161003104117,0.1797665857255624,-0.9837092937736097,-0.9634705485641486,-0.26781430516217486,True,False,1690
87,5.8,7.9,29.92,13.79,33.64,895.2064000000001,190.1641,173.536,79.982,236.36800000000002,3,0,0,87,0.9973249731081555,0.07309512989807777,0.1457991969198751,-0.9893142039703663,-0.9760105506323682,-0.21772323039653224,False,False,2025
88,7.4,9.6,31.1,14.75,54.760000000000005,967.21,217.5625,230.14000000000001,109.15,298.56,3,1,0,88,0.9984354211555643,0.055916990100603484,0.11165900712169512,-0.993746580436178,-0.9859481499638303,-0.1670516255021195,False,False,2422
89,7.3,9.9,64.02,11.24,53.29,4098.560399999999,126.33760000000001,467.34599999999995,82.05199999999999,633.798,3,2,0,89,0.9992500112396835,0.03872228089217446,0.07738647923346301,-0.9970011699250151,-0.9932568492674143,-0.11593459959550066,True,False,1535
90,6.0,7.9,90.91,14.15,36.0,8264.6281,200.2225,545.46,84.9,718.189,3,3,0,90,0.9997685019798909,0.021516097436222254,0.04302223300453059,-0.99907411510223,-0.9979171608653922,-0.06450844944931625,False,True,1680
91,7.3,9.2,67.94,16.82,53.29,4615.843599999999,282.9124,495.962,122.786,625.0479999999999,4,4,0,91,0.9999907397361901,0.004303538296244289,0.008606996888688698,-0.9999629591162655,-0.9999166586547379,-0.012910296075008843,True,False,2225
92,7.9,10.8,64.72,12.81,62.410000000000004,4188.6784,164.0961,511.288,101.19900000000001,698.976,4,5,1,92,0.9999166586547379,-0.01291029607500882,-0.02581844022713239,-0.9996666485105112,-0.9992500112396835,0.03872228089217399,True,False,2251
93,10.5,13.9,47.52,11.84,110.25,2258.1504000000004,140.1856,498.96000000000004,124.32,660.528,4,6,1,93,0.9995462806873573,-0.030120304846908114,-0.060213277365792774,-0.9981855344718586,-0.9959189961471792,0.0902516100310407,False,False,3245
94,18.5,22.1,42.2,25.06,342.25,1780.8400000000001,628.0035999999999,780.7,463.60999999999996,932.6200000000001,4,0,0,94,0.9988797155850336,-0.04732138832243185,-0.09453674981719933,-0.9955213724144752,-0.989932495087353,0.141540295217043,False,False,3111
95,12.0,14.9,63.57,25.22,144.0,4041.1449000000002,636.0483999999999,762.84,302.64,947.193,4,1,0,95,0.9979171608653922,-0.06450844944931623,-0.12874817745258066,-0.99167731989929,-0.9813064702716093,0.19245158197082995,True,False,1792
96,11.0,14.4,46.61,17.1,121.0,2172.4921,292.41,512.71,188.10000000000002,671.184,4,2,0,96,0.9966589017541702,-0.08167639533042241,-0.16280701293851646,-0.9866579328916572,-0.970063921851507,0.2428497220959358,False,False,2803
97,12.9,16.7,59.69,10.55,166.41,3562.8961,111.30250000000001,770.001,136.095,996.8229999999999,4,3,0,97,0.9951053111006976,-0.09882013873287143,-0.19667288979357622,-0.9804691603616321,-0.9562348265919058,0.2926003356333479,False,False,3136
98,8.8,11.2,82.79,14.75,77.44000000000001,6854.184100000001,217.5625,728.5520000000001,129.8,927.248,4,4,0,98,0.9932568492674143,-0.11593459959550041,-0.23030567023061196,-0.973118337233262,-0.9398560579418953,0.341570769167856,True,False,1466
99,9.0,12.1,86.87,8.65,81.0,7546.396900000001,74.8225,781.83,77.85000000000001,1051.127,4,5,1,99,0.9911140639934547,-0.1330147065341959,-0.2636654927280072,-0.9646141756912435,-0.9209712877166346,0.38963044953078774,True,False,2452
100,12.5,16.3,84.89,9.54,156.25,7206.3121,91.01159999999999,1061.125,119.24999999999999,1383.707,4,6,1,100,0.9886775902323405,-0.1500553983446526,-0.2967128192734901,-0.9549667548552553,-0.8996308696522434,0.4366512319560638,True,False,2893
101,19.4,23.3,70.98,21.09,376.35999999999996,5038.160400000001,444.7881,1377.012,409.14599999999996,1653.834,4,0,0,101,0.9859481499638304,-0.16705162550211924,-0.3294084822245302,-0.9441875088341994,-0.8758917051442433,0.48250774176121763,True,False,3346
102,15.6,19.7,73.18,17.87,243.35999999999999,5355.312400000001,319.3369,1141.6080000000002,278.772,1441.6460000000002,4,1,0,102,0.9829265519799822,-0.18399835165768005,-0.3617137307297674,-0.9322892131745134,-0.8498170915275277,0.5270777086423724,True,False,2035
103,11.9,15.9,81.1,16.29,141.61,6577.209999999999,265.36409999999995,965.0899999999999,193.851,1289.49,4,2,0,103,0.9796136916454901,-0.20089055513063506,-0.39359027665646645,-0.9192859697186105,-0.8214765533024145,0.5702422926917867,True,False,2161
104,14.2,18.1,53.5,7.2,201.64,2862.25,51.84,759.6999999999999,102.24,968.35,4,3,0,104,0.9760105506323683,-0.21772323039653177,-0.42500033996955394,-0.9051931898913975,-0.7909456567567774,0.6118864012687242,False,False,3262
105,13.3,17.1,66.45,14.71,176.89000000000001,4415.6025,216.38410000000002,883.7850000000001,195.64300000000003,1136.295,4,4,0,105,0.9721181966290613,-0.23449138957040985,-0.455906693508459,-0.8900275764346766,-0.7583058084785625,0.6518989958787125,False,False,3128
106,12.7,16.3,87.94,22.15,161.29,7733.4436,490.62249999999995,1116.838,281.30499999999995,1433.422,4,5,1,106,0.9679377830240642,-0.25119006388481935,-0.4862727071086902,-0.8738071036110807,-0.7236440382959123,0.690173388242972,False,True,791
107,13.7,17.3,47.48,19.73,187.68999999999997,2254.3504,389.2729,650.4759999999999,270.301,821.404,4,6,1,107,0.9634705485641488,-0.2678143051621742,-0.5160623910158526,-0.8565509959010037,-0.6870527672236675,0.726607524768565,False,False,3741
108,16.0,20.2,53.71,10.63,256.0,2884.7641,112.99690000000001,859.36,170.08,1084.942,4,0,0,108,0.9587178169872964,-0.2843591872810034,-0.5452404385406507,-0.8382797052177745,-0.6486295610349818,0.7611042586607742,False,False,3427
109,15.7,19.5,65.92,10.27,246.48999999999998,4345.4464,105.4729,1034.944,161.23899999999998,1285.44,4,1,0,109,0.9536809966304457,-0.30081980763566735,-0.5737722679043243,-0.8190148866680802,-0.6084768701151264,0.7935716089521472,True,False,3201
110,19.4,23.2,60.8,15.73,376.35999999999996,3696.64,247.43290000000002,1179.5199999999998,305.162,1410.56,4,2,0,110,0.9483615800121715,-0.3171912885891061,-0.6016240632249227,-0.7987793728863648,-0.5667017562911184,0.8239230057575536,False,False,3941
111,13.8,17.7,40.3,21.14,190.44000000000003,1624.0899999999997,446.8996,556.14,291.732,713.31,4,3,0,111,0.9427611433904207,-0.3334687789181868,-0.6287628145958345,-0.7775971469736268,-0.5234156073655503,0.8520775211013093,False,False,4185
112,8.8,11.1,72.23,14.27,77.44000000000001,5217.1729000000005,203.63289999999998,635.6240000000001,125.57600000000001,801.753,4,4,0,112,0.9368813462954315,-0.3496474552512284,-0.655156357209085,-0.7554933140726804,-0.4787338401157883,0.8779600847008883,True,False,1679
113,13.9,17.5,87.9,15.0,193.21,7726.410000000001,225.0,1221.8100000000002,208.5,1538.25,4,5,1,113,0.9307239310379795,-0.36572252349726897,-0.680773409477016,-0.732494071613579,-0.4327755925504317,0.9015016841318838,True,False,4033
114,18.8,22.6,80.27,12.49,353.44000000000005,6443.272899999999,156.0001,1509.076,234.812,1814.102,4,6,1,114,0.9242907221930934,-0.3816892202666588,-0.7055836101071774,-0.70862667826446,-0.38566340624360745,0.9226395488404875,True,False,4190
115,19.9,23.7,76.89,12.05,396.00999999999993,5912.0721,145.20250000000001,1530.1109999999999,239.795,1822.293,4,0,0,115,0.9175836260593937,-0.39754281428255595,-0.7295575540864876,-0.6839194216246105,-0.33752289959411347,0.941317317512847,False,False,4070
116,20.9,24.7,72.19,21.22,436.80999999999995,5211.3961,450.28839999999997,1508.771,443.49799999999993,1783.0929999999998,4,1,0,116,0.9106046300942163,-0.4132786077829042,-0.7526668275320083,-0.6584015846980489,-0.2884824328806098,0.9574851883550389,False,False,4396
117,20.4,23.8,82.71,20.29,416.15999999999997,6840.944099999999,411.68409999999994,1687.2839999999997,413.91599999999994,1968.4979999999998,4,2,0,117,0.9033558023246845,-0.4288919379124835,-0.7748840413670406,-0.6321034111873488,-0.23867276600594997,0.9711000518829505,True,False,3869
118,20.3,23.9,69.38,20.86,412.09000000000003,4813.5844,435.1396,1408.414,423.458,1658.1819999999998,4,3,0,118,0.895839290734909,-0.4443781781046132,-0.7961828637826154,-0.6050560696488494,-0.1882267098432439,0.9821256058680006,True,False,4054
119,15.9,19.9,45.25,15.6,252.81,2047.5625,243.35999999999999,719.475,248.04,900.4749999999999,4,4,0,119,0.8880573226294932,-0.45973273945210397,-0.8165380514459157,-0.5772916165517278,-0.13727877211326517,0.9905324521322227,False,False,4589
120,14.4,18.2,49.83,15.28,207.36,2483.0289,233.4784,717.552,220.03199999999998,906.906,4,5,1,120,0.8800122039735357,-0.47495107206704995,-0.8359254794186365,-0.5488429582847199,-0.0859647987374467,0.9962981749346077,False,False,5308
121,13.5,17.4,75.45,6.91,182.25,5692.7025,47.7481,1018.575,93.285,1312.83,5,6,1,121,0.8717063187093219,-0.49002866642905923,-0.8543221697498269,-0.5197438121555157,-0.034421611622745804,0.9994074007397048,True,False,3347
122,17.5,21.6,72.27,11.92,306.25,5222.952899999999,142.0864,1264.725,208.6,1561.032,5,0,0,122,0.8631421280499114,-0.5049610547215204,-0.8717063187093217,-0.4900286664290594,0.017213356155833904,0.9998518392091162,True,False,4398
123,20.3,24.1,69.01,22.27,412.09000000000003,4762.3801,495.9529,1400.9030000000002,452.081,1663.1410000000003,5,1,0,123,0.854322169749827,-0.5197438121555155,-0.888057322629493,-0.4597327394521046,0.06880242680232015,0.9976303053065857,True,False,4447
124,12.0,15.2,72.97,21.38,144.0,5324.6209,457.10439999999994,875.64,256.56,1109.144,5,2,0,124,0.8452490573530633,-0.5343725582809786,-0.9033558023246842,-0.4288919379124841,0.12020804489935226,0.9927487224577403,True,False,2634
125,13.8,17.1,43.97,19.2,190.44000000000003,1933.3609,368.64,606.7860000000001,264.96,751.8870000000001,5,3,0,125,0.8359254794186372,-0.548842958284719,-0.9175836260593934,-0.3975428142825566,0.1712931441814773,0.9852201067560606,False,False,4431
126,14.6,18.7,58.41,14.84,213.16,3411.7281,220.2256,852.786,216.664,1092.2669999999998,5,4,0,126,0.8263541987239096,-0.5631507242749186,-0.9307239310379793,-0.3657225234972692,0.2219215130041654,0.9750645322571948,False,False,4606
127,16.3,20.6,53.58,10.43,265.69,2870.8163999999997,108.7849,873.354,170.00900000000001,1103.748,5,5,1,127,0.8165380514459161,-0.5772916165517272,-0.9427611433904206,-0.33346877891818705,0.27195815753410474,0.9623090774541488,False,False,4711
128,16.7,20.9,62.54,4.85,278.89,3911.2516,23.522499999999997,1044.418,80.99499999999999,1307.0859999999998,5,6,1,128,0.8064799463209448,-0.5912614448635781,-0.9536809966304455,-0.300819807635668,0.3212696616923639,0.9469877530760755,False,False,4332
129,16.8,21.3,58.29,11.44,282.24,3397.7241,130.87359999999998,979.272,192.192,1241.577,5,0,0,129,0.7961828637826158,-0.6050560696488488,-0.9634705485641486,-0.26781430516217486,0.3697245428906735,0.9291414114031742,False,False,4358
130,16.8,21.1,48.43,7.52,282.24,2345.4649,56.550399999999996,813.624,126.336,1021.873,5,1,0,130,0.7856498550787147,-0.6186714032625031,-0.9721181966290612,-0.23449138957041052,0.4171936026123165,0.908817637339503,False,False,4800
131,17.2,21.4,62.66,7.84,295.84,3926.2755999999995,61.465599999999995,1077.752,134.84799999999998,1340.9239999999998,5,2,0,131,0.7748840413670407,-0.6321034111873487,-0.9796136916454901,-0.20089055513063528,0.4635502709028508,0.8860706215341381,False,False,4178
132,16.9,21.2,74.0,12.33,285.60999999999996,5476.0,152.0289,1250.6,208.37699999999998,1568.8,5,3,0,132,0.7638886127905428,-0.6453481132295501,-0.9859481499638303,-0.1670516255021195,0.5086709438521045,0.8609610158889943,False,False,4862
133,16.0,19.7,85.47,11.68,256.0,7305.1209,136.42239999999998,1367.52,186.88,1683.759,5,4,0,133,0.7526668275320084,-0.6584015846980488,-0.9911140639934546,-0.13301470653419636,0.5524353131676191,0.8335557718385703,True,False,4101
134,16.4,20.0,91.33,8.77,268.96,8341.1689,76.9129,1497.812,143.82799999999997,1826.6,5,5,1,134,0.741222010848596,-0.6712599575675313,-0.9951053111006974,-0.09882013873287211,0.5947266869607636,0.8039279618328211,True,False,3407
135,18.1,21.8,85.84,9.94,327.61000000000007,7368.5056,98.80359999999999,1553.7040000000002,179.91400000000002,1871.3120000000001,5,6,1,135,0.7295575540864875,-0.6839194216246106,-0.9979171608653922,-0.06450844944931625,0.6354323008901764,0.772156584499165,True,False,4552
136,18.7,22.5,78.0,8.25,349.69,6084.0,68.0625,1458.6,154.275,1755.0,5,0,0,136,0.717676913675962,-0.6963762255968722,-0.9995462806873573,-0.03012030484690836,0.6744436188329453,0.7383263540031066,False,False,3958
137,18.0,21.9,82.95,18.03,324.0,6880.7025,325.08090000000004,1493.1000000000001,324.54,1816.605,5,1,0,137,0.705583610107178,-0.7086266782644596,-0.9999907397361901,0.004303538296243821,0.7116566222817746,0.702527474169157,True,False,4118
138,17.6,21.4,86.13,13.1,309.76000000000005,7418.376899999999,171.60999999999999,1515.8880000000001,230.56,1843.1819999999998,5,2,0,138,0.6932812268869777,-0.7206671495538609,-0.9992500112396835,0.03872228089217399,0.7469720876965548,0.664855397964287,True,False,3851
139,16.8,20.5,82.13,7.03,282.24,6745.336899999999,49.4209,1379.7839999999999,118.10400000000001,1683.665,5,3,0,139,0.6807734094770161,-0.7324940716135789,-0.9973249731081555,0.07309512989807776,0.7802958510707751,0.6254105729852467,True,False,4574
140,17.0,21.5,71.24,8.13,289.0,5075.137599999999,66.09690000000002,1211.08,138.21,1531.6599999999999,5,4,0,140,0.6680638642135335,-0.7441039398713607,-0.994217906893952,0.10738134666416306,0.8115390590073613,0.584298173628368,False,False,4915
141,19.7,23.6,62.04,7.84,388.09,3848.9616,61.465599999999995,1222.1879999999999,154.44799999999998,1464.144,5,5,1,141,0.6551563572090853,-0.7554933140726803,-0.989932495087353,0.141540295217043,0.8406184056344775,0.5416278206559824,False,False,5800
142,19.8,23.7,74.21,9.62,392.04,5507.124099999999,92.54439999999998,1469.358,190.476,1758.7769999999998,5,6,1,142,0.6420547132365637,-0.766658819300159,-0.9844738167520923,0.17553149042142777,0.8674563547295968,0.49751328890718066,False,False,4657
143,20.9,24.5,80.19,15.2,436.80999999999995,6430.4361,231.04,1675.9709999999998,317.67999999999995,1964.655,5,0,0,143,0.6287628145958344,-0.777597146973627,-0.9778483415056568,0.20931464596304888,0.8919813464595485,0.45207220393230413,True,False,4270
144,22.1,25.2,73.34,13.46,488.4100000000001,5378.7556,181.1716,1620.814,297.46600000000007,1848.1680000000001,5,1,0,144,0.6152845999633276,-0.7883050558305255,-0.970063921851507,0.2428497220959358,0.9141279881853336,0.40542572835999774,True,False,4486
145,22.1,25.8,68.93,10.03,488.4100000000001,4751.344900000001,100.60089999999998,1523.3530000000003,221.663,1778.3940000000002,5,2,0,145,0.6016240632249226,-0.7987793728863649,-0.9611297838723007,0.27609697309746883,0.933837228822925,0.3576982388331259,False,False,4977
146,24.0,27.7,67.07,12.98,576.0,4498.384899999999,168.4804,1609.6799999999998,311.52,1857.8389999999997,5,3,0,146,0.5877852522924732,-0.8090169943749473,-0.9510565162951536,0.30901699437494723,0.9510565162951538,0.30901699437494684,False,False,4679
147,22.9,26.9,64.72,15.64,524.41,4188.6784,244.60960000000003,1482.088,358.156,1740.9679999999998,5,4,0,147,0.5737722679043246,-0.8190148866680801,-0.9398560579418953,0.341570769167856,0.9657399376548549,0.2595117970697999,False,False,4678
148,21.9,25.6,72.23,14.96,479.60999999999996,5217.1729000000005,223.80160000000004,1581.837,327.624,1849.0880000000002,5,5,1,148,0.5595892624101765,-0.8287700871745038,-0.9275416835791965,0.3737197147904692,0.9778483415056568,0.2093146459630485,False,False,4755
149,22.4,25.8,81.06,13.91,501.75999999999993,6570.7236,193.4881,1815.744,311.584,2091.348,5,6,1,149,0.545240438540651,-0.8382797052177744,-0.9141279881853337,0.4054257283599973,0.9873494423939863,0.15855938510313522,False,False,4784
150,25.1,28.6,67.82,8.53,630.0100000000001,4599.552399999999,72.76089999999999,1702.282,214.103,1939.6519999999998,5,0,0,150,0.5307300481619334,-0.8475409228928311,-0.8996308696522434,0.4366512319560638,0.9942179068939518,0.10738134666416355,False,False,4096
151,26.8,31.3,63.03,7.24,718.24,3972.7809,52.4176,1689.2040000000002,194.032,1972.8390000000002,5,1,0,151,0.5160623910158528,-0.8565509959010036,-0.8840675099433637,0.46735921715800205,0.9984354211555643,0.055916990100603504,False,False,3978
152,26.3,31.0,67.03,13.46,691.69,4493.0209,181.1716,1762.8890000000001,353.99800000000005,2077.93,6,2,0,152,0.5012418134457758,-0.865307254363206,-0.8674563547295971,0.4975132889071803,0.9999907397361901,0.004303538296245199,True,False,3972
153,24.3,27.2,30.2,19.0,590.49,912.04,361.0,733.86,461.7,821.4399999999999,6,3,0,153,0.48627270710869,-0.8738071036110808,-0.8498170915275277,0.5270777086423724,0.9988797155850336,-0.04732138832243183,False,False,4964
154,20.4,24.4,35.06,16.45,416.15999999999997,1229.2036,270.60249999999996,715.224,335.58,855.464,6,4,0,154,0.4711595076738638,-0.8820480249558537,-0.8311706263658079,0.5560174366570446,0.9951053111006976,-0.09882013873287163,False,False,5310
155,21.0,24.7,45.17,8.0,441.0,2040.3289000000002,64.0,948.57,168.0,1115.699,6,5,1,155,0.4559066935084588,-0.8900275764346767,-0.8115390590073611,0.5842981736283683,0.9886775902323405,-0.15005539834465212,False,False,5341
156,21.6,25.8,64.6,9.01,466.56000000000006,4173.159999999999,81.1801,1395.36,194.616,1666.6799999999998,6,6,1,156,0.440518784350495,-0.8977433935342337,-0.7909456567567774,0.6118864012687242,0.9796136916454901,-0.2008905551306348,True,False,4905
157,22.8,26.1,59.4,7.92,519.84,3528.3599999999997,62.7264,1354.32,180.576,1550.3400000000001,6,0,0,157,0.42500033996955416,-0.9051931898913974,-0.7694148268839381,0.6387494220515268,0.9679377830240643,-0.2511900638848191,False,False,4546
158,24.0,27.8,59.19,12.21,576.0,3503.4561,149.08410000000003,1420.56,293.04,1645.482,6,1,0,158,0.4093559588156213,-0.9123747579707273,-0.7469720876965551,0.6648553979642866,0.9536809966304456,-0.3008198076356675,False,False,4832
159,26.8,31.4,61.59,8.89,718.24,3793.3281000000006,79.03210000000001,1650.612,238.252,1933.926,6,2,0,159,0.39359027665646673,-0.9192859697186104,-0.7236440382959123,0.690173388242972,0.9368813462954314,-0.34964745525122864,False,False,4396
160,28.1,32.9,56.26,9.74,789.6100000000001,3165.1875999999997,94.86760000000001,1580.906,273.694,1850.954,6,3,0,160,0.3777079652039649,-0.9259247771938498,-0.6994583270516471,0.7146733860429609,0.9175836260593944,-0.3975428142825545,True,False,3915
161,26.0,30.2,59.89,9.14,676.0,3586.8121,83.53960000000001,1557.14,237.64000000000001,1808.6779999999999,6,4,0,161,0.36171373072976765,-0.9322892131745133,-0.6744436188329457,0.7383263540031063,0.8958392907349094,-0.44437817810461216,False,False,4584
162,24.7,28.9,64.8,10.07,610.0899999999999,4199.04,101.40490000000001,1600.56,248.729,1872.7199999999998,6,5,1,162,0.3456123126707335,-0.9383773917408641,-0.6486295610349818,0.7611042586607742,0.8717063187093216,-0.4900286664290598,False,False,4960
163,23.4,27.2,74.04,10.63,547.56,5481.921600000001,112.99690000000001,1732.536,248.742,2013.8880000000001,6,6,1,163,0.3294084822245304,-0.9441875088341993,-0.622046748440868,0.7829801036770625,0.8452490573530637,-0.5343725582809781,False,False,4456
164,21.0,25.1,48.96,19.85,441.0,2397.0816,394.02250000000004,1028.16,416.85,1228.8960000000002,6,0,0,164,0.3131070409358269,-0.9497178427914316,-0.594726686960764,0.8039279618328208,0.8165380514459165,-0.5772916165517267,False,False,5017
165,19.8,24.6,50.2,17.5,392.04,2520.0400000000004,306.25,993.96,346.5,1234.92,6,1,0,165,0.29671281927349075,-0.9549667548552551,-0.5667017562911184,0.8239230057575536,0.7856498550787148,-0.6186714032625029,False,False,4891
166,20.7,24.4,46.7,10.91,428.48999999999995,2180.8900000000003,119.02810000000001,966.69,225.837,1139.48,6,2,0,166,0.2802306751992159,-0.9599326896597447,-0.5380051715382992,0.8429415373547832,0.7526668275320086,-0.6584015846980485,False,False,5176
167,20.8,24.8,68.14,13.42,432.64000000000004,4643.0596000000005,180.0964,1417.3120000000001,279.136,1689.872,6,3,0,167,0.26366549272800704,-0.9646141756912435,-0.5086709438521042,0.8609610158889945,0.7176769136759622,-0.696376225596872,True,False,3764
168,21.6,25.0,72.85,9.3,466.56000000000006,5307.1224999999995,86.49000000000001,1573.56,200.88000000000002,1821.2499999999998,6,4,0,168,0.24702218048093552,-0.9690098257244062,-0.4787338401157883,0.8779600847008883,0.6807734094770164,-0.7324940716135787,False,False,4840
169,23.6,27.2,66.37,7.76,556.96,4404.976900000001,60.2176,1566.332,183.136,1805.2640000000001,6,5,1,169,0.23030567023061221,-0.9731183372332619,-0.4482293417404106,0.893918596519257,0.6420547132365636,-0.7666588193001591,False,False,5115
170,23.7,27.3,66.0,6.63,561.6899999999999,4356.0,43.9569,1564.2,157.131,1801.8,6,6,1,170,0.21352091543979612,-0.9769384927771817,-0.41719360261231697,0.9088176373395028,0.6016240632249223,-0.798779372886365,True,False,4740
171,21.0,24.8,73.88,10.11,441.0,5458.254399999999,102.21209999999999,1551.48,212.31,1832.224,6,0,0,171,0.19667288979357647,-0.980469160361632,-0.38566340624360745,0.9226395488404875,0.5595892624101764,-0.828770087174504,True,False,4005
172,22.9,26.9,76.27,11.12,524.41,5817.112899999999,123.65439999999998,1746.5829999999999,254.64799999999997,2051.663,6,1,0,172,0.1797665857255624,-0.9837092937736097,-0.35367612217637207,0.935367949313148,0.5160623910158538,-0.8565509959010029,True,False,4833
173,25.1,29.7,70.04,11.2,630.0100000000001,4905.601600000001,125.43999999999998,1758.0040000000004,281.12,2080.188,6,2,0,173,0.16280701293851715,-0.986657932891657,-0.32126966169236515,0.9469877530760751,0.4711595076738632,-0.882048024955854,False,False,4504
174,24.9,29.7,69.63,15.52,620.0099999999999,4848.336899999999,240.8704,1733.7869999999998,386.448,2068.011,6,3,0,174,0.1457991969198751,-0.9893142039703663,-0.2884824328806098,0.9574851883550389,0.4250003399695548,-0.9051931898913971,True,False,4789
175,24.7,27.8,56.76,14.43,610.0899999999999,3221.6976,208.2249,1401.972,356.421,1577.9279999999999,6,4,0,175,0.12874817745258132,-0.99167731989929,-0.2553532951161881,0.9668478136052773,0.37770796520396555,-0.9259247771938496,False,False,4987
176,23.5,27.2,47.85,13.62,552.25,2289.6225,185.50439999999998,1124.4750000000001,320.07,1301.52,6,5,1,176,0.11165900712169512,-0.993746580436178,-0.22192151300416674,0.9750645322571945,0.3294084822245307,-0.9441875088341992,False,False,5198
177,22.9,26.9,50.82,6.14,524.41,2582.6724,37.6996,1163.778,140.606,1367.058,6,6,1,177,0.09453674981719912,-0.9955213724144752,-0.1882267098432439,0.9821256058680006,0.2802306751992165,-0.9599326896597444,False,False,5306
178,23.0,26.9,65.17,6.99,529.0,4247.128900000001,48.8601,1498.91,160.77,1753.0729999999999,6,0,0,178,0.07738647923346301,-0.9970011699250151,-0.154308820664281,0.9880226656636976,0.23030567023061246,-0.9731183372332619,True,False,4705
179,25.5,29.6,62.78,9.38,650.25,3941.3284000000003,87.98440000000001,1600.89,239.19000000000003,1858.288,6,1,0,179,0.06021327736579302,-0.9981855344718586,-0.12020804489935275,0.9927487224577402,0.1797665857255622,-0.9837092937736098,False,False,4645
180,24.9,27.7,49.29,17.02,620.0099999999999,2429.5041,289.68039999999996,1227.321,423.79799999999994,1365.3329999999999,6,2,0,180,0.04302223300453059,-0.99907411510223,-0.0859647987374467,0.9962981749346077,0.1287481774525807,-0.99167731989929,False,False,5223
181,23.6,26.9,42.98,12.05,556.96,1847.2803999999996,145.20250000000001,1014.328,284.38000000000005,1156.1619999999998,6,3,0,181,0.02581844022713308,-0.9996666485105112,-0.05161966722325418,0.9986668162884759,0.07738647923346281,-0.9970011699250151,False,False,5510
182,24.6,27.6,39.23,6.67,605.1600000000001,1538.9928999999997,44.4889,965.058,164.082,1082.748,7,4,0,182,0.008606996888688698,-0.9999629591162655,-0.01721335615583528,0.9998518392091162,0.02581844022713244,-0.9996666485105112,False,False,5363
183,25.3,28.4,44.01,7.48,640.09,1936.8800999999999,55.95040000000001,1113.453,189.24400000000003,1249.8839999999998,7,5,1,183,-0.008606996888688009,-0.9999629591162655,0.017213356155833904,0.9998518392091162,-0.025818440227131704,-0.9996666485105112,False,False,5116
184,24.4,28.4,67.57,14.88,595.3599999999999,4565.704899999999,221.41440000000003,1648.7079999999996,363.072,1918.9879999999996,7,6,1,184,-0.02581844022713239,-0.9996666485105112,0.0516196672232528,0.998666816288476,-0.07738647923346208,-0.9970011699250152,True,False,4646
185,24.8,28.3,63.15,5.3,615.0400000000001,3987.9224999999997,28.09,1566.1200000000001,131.44,1787.145,7,0,0,185,-0.04302223300453034,-0.99907411510223,0.08596479873744621,0.9962981749346078,-0.1287481774525817,-0.9916773198992899,True,False,6041
186,25.6,29.8,58.45,8.21,655.3600000000001,3416.4025,67.40410000000001,1496.3200000000002,210.17600000000004,1741.8100000000002,7,1,0,186,-0.060213277365792774,-0.9981855344718586,0.12020804489935226,0.9927487224577403,-0.17976658572556148,-0.9837092937736099,False,False,4662
187,24.5,29.3,73.59,9.74,600.25,5415.4881000000005,94.86760000000001,1802.9550000000002,238.63,2156.1870000000004,7,2,0,187,-0.07738647923346322,-0.9970011699250151,0.15430882066428142,0.9880226656636976,-0.23030567023061174,-0.973118337233262,False,False,4625
188,25.8,29.3,64.47,10.35,665.64,4156.3809,107.12249999999999,1663.326,267.03,1888.971,7,3,0,188,-0.09453674981719933,-0.9955213724144752,0.1882267098432443,0.9821256058680006,-0.28023067519921585,-0.9599326896597447,False,False,4592
189,24.1,28.5,75.03,14.63,580.8100000000001,5629.5009,214.03690000000003,1808.2230000000002,352.583,2138.355,7,4,0,189,-0.11165900712169444,-0.9937465804361781,0.2219215130041654,0.9750645322571948,-0.32940848222452995,-0.9441875088341994,True,False,4038
190,25.1,28.2,60.31,10.91,630.0100000000001,3637.2961000000005,119.02810000000001,1513.7810000000002,273.841,1700.742,7,5,1,190,-0.12874817745258066,-0.99167731989929,0.25535329511618676,0.9668478136052776,-0.3777079652039649,-0.9259247771938498,False,False,5334
191,25.6,29.5,57.25,11.93,655.3600000000001,3277.5625,142.32489999999999,1465.6000000000001,305.408,1688.875,7,6,1,191,-0.14579919691987442,-0.9893142039703664,0.28848243288060854,0.9574851883550394,-0.4250003399695525,-0.9051931898913982,False,False,4875
192,26.3,31.5,62.95,18.35,691.69,3962.7025000000003,336.7225,1655.585,482.6050000000001,1982.9250000000002,7,0,0,192,-0.16280701293851646,-0.9866579328916572,0.3212696616923639,0.9469877530760755,-0.47115950767386416,-0.8820480249558535,False,False,4082
193,27.6,32.0,55.36,13.02,761.7600000000001,3064.7296,169.5204,1527.9360000000001,359.35200000000003,1771.52,7,1,0,193,-0.17976658572556214,-0.9837092937736098,0.3536761221763716,0.9353679493131483,-0.5160623910158532,-0.8565509959010034,False,False,4256
194,25.6,29.5,62.54,9.5,655.3600000000001,3911.2516,90.25,1601.0240000000001,243.20000000000002,1844.93,7,2,0,194,-0.19667288979357622,-0.9804691603616321,0.38566340624360695,0.9226395488404876,-0.5595892624101757,-0.8287700871745043,False,False,4341
195,22.9,26.8,47.15,15.64,524.41,2223.1225,244.60960000000003,1079.735,358.156,1263.62,7,3,0,195,-0.2135209154397959,-0.9769384927771817,0.4171936026123165,0.908817637339503,-0.6016240632249218,-0.7987793728863655,False,False,5081
196,22.2,26.2,58.53,11.88,492.84,3425.7609,141.13440000000003,1299.366,263.736,1533.4859999999999,7,4,0,196,-0.23030567023061196,-0.973118337233262,0.4482293417404102,0.8939185965192572,-0.6420547132365644,-0.7666588193001584,False,False,5537
197,23.2,26.9,57.92,13.54,538.24,3354.7264,183.33159999999998,1343.744,314.128,1558.048,7,5,1,197,-0.24702218048093527,-0.9690098257244063,0.47873384011578785,0.8779600847008885,-0.6807734094770158,-0.7324940716135793,False,False,5918
198,24.5,28.5,59.81,15.93,600.25,3577.2361,253.76489999999998,1465.345,390.28499999999997,1704.585,7,6,1,198,-0.2636654927280072,-0.9646141756912435,0.5086709438521045,0.8609610158889943,-0.7176769136759616,-0.6963762255968725,False,False,5298
199,25.6,30.2,64.47,14.03,655.3600000000001,4156.3809,196.84089999999998,1650.432,359.168,1946.994,7,0,0,199,-0.2802306751992161,-0.9599326896597445,0.5380051715382995,0.8429415373547829,-0.7526668275320082,-0.6584015846980491,False,False,4453
200,26.8,32.4,64.39,8.49,718.24,4146.0721,72.0801,1725.652,227.532,2086.236,7,1,0,200,-0.2967128192734901,-0.9549667548552553,0.5667017562911173,0.8239230057575544,-0.7856498550787143,-0.6186714032625035,False,False,4538
201,26.5,32.3,70.0,7.4,702.25,4900.0,54.760000000000005,1855.0,196.10000000000002,2261.0,7,2,0,201,-0.3131070409358267,-0.9497178427914317,0.5947266869607636,0.8039279618328211,-0.8165380514459161,-0.5772916165517272,False,False,4329
202,28.4,36.3,68.43,14.43,806.56,4682.664900000001,208.2249,1943.412,409.81199999999995,2484.009,7,3,0,202,-0.3294084822245302,-0.9441875088341994,0.6220467484408676,0.7829801036770627,-0.8452490573530623,-0.5343725582809802,True,False,3782
203,29.8,37.0,57.46,8.65,888.0400000000001,3301.6516,74.8225,1712.308,257.77000000000004,2126.02,7,4,0,203,-0.3456123126707333,-0.9383773917408642,0.6486295610349815,0.7611042586607746,-0.871706318709322,-0.49002866642905885,False,False,3384
204,29.8,35.2,49.5,8.53,888.0400000000001,2450.25,72.76089999999999,1475.1000000000001,254.194,1742.4,7,5,1,204,-0.3617137307297674,-0.9322892131745134,0.6744436188329453,0.7383263540031066,-0.8958392907349091,-0.44437817810461283,False,False,3281
205,29.0,34.7,54.53,11.0,841.0,2973.5209,121.0,1581.3700000000001,319.0,1892.1910000000003,7,6,1,205,-0.37770796520396466,-0.9259247771938499,0.6994583270516468,0.7146733860429613,-0.9175836260593934,-0.39754281428255683,False,False,3601
206,25.5,31.0,74.95,5.9,650.25,5617.5025000000005,34.81,1911.2250000000001,150.45000000000002,2323.4500000000003,7,0,0,206,-0.39359027665646645,-0.9192859697186105,0.723644038295912,0.6901733882429724,-0.9368813462954312,-0.3496474552512293,False,False,3834
207,26.6,29.8,53.54,13.02,707.5600000000001,2866.5316,169.5204,1424.164,346.332,1595.492,7,1,0,207,-0.4093559588156211,-0.9123747579707274,0.7469720876965548,0.664855397964287,-0.9536809966304454,-0.30081980763566823,False,False,4593
208,26.8,29.5,39.89,11.93,718.24,1591.2121,142.32489999999999,1069.0520000000001,319.724,1176.755,7,2,0,208,-0.42500033996955394,-0.9051931898913975,0.7694148268839378,0.6387494220515272,-0.9679377830240641,-0.2511900638848198,False,False,4654
209,26.9,32.0,57.75,11.6,723.6099999999999,3335.0625,134.56,1553.475,312.03999999999996,1848.0,7,3,0,209,-0.4405187843504952,-0.8977433935342336,0.7909456567567776,0.6118864012687238,-0.97961369164549,-0.20089055513063553,False,False,4387
210,29.4,34.3,53.71,11.32,864.3599999999999,2884.7641,128.1424,1579.0739999999998,332.808,1842.253,7,4,0,210,-0.455906693508459,-0.8900275764346766,0.8115390590073613,0.584298173628368,-0.9886775902323404,-0.15005539834465284,False,False,3846
211,28.0,31.4,46.12,10.95,784.0,2127.0544,119.90249999999999,1291.36,306.59999999999997,1448.168,7,5,1,211,-0.47115950767386394,-0.8820480249558535,0.8311706263658081,0.5560174366570443,-0.9951053111006976,-0.09882013873287147,False,False,4469
212,28.0,31.5,47.6,10.71,784.0,2265.76,114.70410000000003,1332.8,299.88,1499.4,7,6,1,212,-0.4862727071086902,-0.8738071036110807,0.8498170915275279,0.527077708642372,-0.9988797155850336,-0.04732138832243168,False,False,4302
213,26.6,30.2,54.53,10.19,707.5600000000001,2973.5209,103.83609999999999,1450.498,271.054,1646.806,8,0,0,213,-0.5012418134457756,-0.8653072543632061,0.8674563547295968,0.49751328890718066,-0.9999907397361901,0.004303538296242688,False,False,4262
214,27.1,30.4,48.63,13.38,734.4100000000001,2364.8769,179.0244,1317.873,362.598,1478.352,8,1,0,214,-0.5160623910158526,-0.8565509959010037,0.8840675099433635,0.46735921715800244,-0.9984354211555644,0.05591699010060189,False,False,4841
215,25.0,29.0,65.09,8.81,625.0,4236.708100000001,77.6161,1627.25,220.25,1887.6100000000001,8,2,0,215,-0.5307300481619331,-0.8475409228928312,0.8996308696522431,0.43665123195606426,-0.9942179068939518,0.1073813466641637,True,False,3570
216,24.1,28.2,74.99,12.81,580.8100000000001,5623.500099999999,164.0961,1807.259,308.721,2114.718,8,3,0,216,-0.5452404385406507,-0.8382797052177745,0.9141279881853336,0.40542572835999774,-0.9873494423939866,0.1585593851031336,True,False,4578
217,24.1,27.8,62.45,12.01,580.8100000000001,3900.0025000000005,144.24009999999998,1505.045,289.44100000000003,1736.1100000000001,8,4,0,217,-0.5595892624101763,-0.828770087174504,0.9275416835791963,0.37371971479046967,-0.977848341505657,0.20931464596304777,False,False,4861
218,24.4,28.8,74.75,14.84,595.3599999999999,5587.5625,220.2256,1823.8999999999999,362.096,2152.8,8,5,1,218,-0.5737722679043243,-0.8190148866680802,0.9398560579418951,0.34157076916785645,-0.9657399376548551,0.25951179706979915,True,False,4292
219,25.4,30.8,74.54,13.1,645.16,5556.2116000000005,171.60999999999999,1893.316,332.73999999999995,2295.8320000000003,8,6,1,219,-0.5877852522924734,-0.8090169943749472,0.9510565162951538,0.30901699437494684,-0.9510565162951538,0.309016994374947,False,False,3782
220,26.4,30.2,58.62,12.49,696.9599999999999,3436.3043999999995,156.0001,1547.5679999999998,329.736,1770.3239999999998,8,0,0,220,-0.6016240632249227,-0.7987793728863648,0.9611297838723009,0.27609697309746845,-0.933837228822926,0.35769823883312357,False,False,4322
221,26.8,31.2,56.47,9.82,718.24,3188.8608999999997,96.4324,1513.396,263.176,1761.864,8,1,0,221,-0.6152845999633277,-0.7883050558305253,0.9700639218515071,0.24284972209593542,-0.9141279881853346,0.40542572835999546,False,False,4597
222,26.4,29.2,41.99,13.02,696.9599999999999,1763.1601,169.5204,1108.536,343.72799999999995,1226.108,8,2,0,222,-0.6287628145958345,-0.7775971469736268,0.9778483415056568,0.2093146459630485,-0.8919813464595485,0.4520722039323043,False,False,4779
223,24.4,27.6,41.95,10.71,595.3599999999999,1759.8025000000002,114.70410000000003,1023.58,261.324,1157.8200000000002,8,3,0,223,-0.6420547132365636,-0.7666588193001592,0.9844738167520922,0.17553149042142824,-0.8674563547295968,0.49751328890718083,False,False,4794
224,24.0,27.7,41.08,8.17,576.0,1687.5664,66.74889999999999,985.92,196.07999999999998,1137.916,8,4,0,224,-0.655156357209085,-0.7554933140726804,0.989932495087353,0.14154029521704348,-0.840618405634478,0.5416278206559817,False,False,4903
225,23.1,27.3,72.23,13.74,533.61,5217.1729000000005,188.7876,1668.5130000000001,317.394,1971.8790000000001,8,5,1,225,-0.6680638642135333,-0.7441039398713608,0.9942179068939518,0.10738134666416355,-0.8115390590073607,0.5842981736283689,True,False,4145
226,22.7,26.2,80.93,14.47,515.29,6549.664900000001,209.38090000000003,1837.111,328.469,2120.366,8,6,1,226,-0.680773409477016,-0.732494071613579,0.9973249731081555,0.07309512989807825,-0.7802958510707761,0.6254105729852455,True,False,3816
227,22.3,25.8,70.5,13.58,497.29,4970.25,184.4164,1572.15,302.834,1818.9,8,0,0,227,-0.6932812268869771,-0.7206671495538615,0.9992500112396835,0.038722280892175366,-0.7469720876965559,0.6648553979642858,False,False,4334
228,23.7,27.3,57.25,15.36,561.6899999999999,3277.5625,235.9296,1356.825,364.032,1562.925,8,1,0,228,-0.7055836101071774,-0.70862667826446,0.9999907397361901,0.004303538296245199,-0.7116566222817752,0.7025274741691564,False,False,4722
229,24.7,28.3,56.97,9.34,610.0899999999999,3245.5809,87.23559999999999,1407.1589999999999,230.69799999999998,1612.251,8,2,0,229,-0.7176769136759615,-0.6963762255968726,0.9995462806873574,-0.030120304846906983,-0.6744436188329459,0.7383263540031061,False,False,4688
230,24.2,28.1,64.8,15.16,585.64,4199.04,229.8256,1568.1599999999999,366.872,1820.88,8,3,0,230,-0.7295575540864876,-0.6839194216246105,0.9979171608653922,-0.06450844944931665,-0.6354323008901778,0.772156584499164,False,False,3800
231,23.1,26.7,71.57,9.06,533.61,5122.264899999999,82.0836,1653.267,209.28600000000003,1910.9189999999999,8,4,0,231,-0.7412220108485957,-0.6712599575675315,0.9951053111006976,-0.09882013873287163,-0.5947266869607649,0.8039279618328201,True,False,4150
232,23.6,27.4,66.74,6.79,556.96,4454.227599999999,46.1041,1575.064,160.244,1828.6759999999997,8,5,1,232,-0.7526668275320083,-0.6584015846980489,0.9911140639934547,-0.13301470653419586,-0.5524353131676212,0.8335557718385689,False,False,5186
233,24.1,28.8,76.23,16.17,580.8100000000001,5811.012900000001,261.4689000000001,1837.1430000000003,389.69700000000006,2195.424,8,6,1,233,-0.7638886127905429,-0.64534811322955,0.9859481499638303,-0.16705162550211988,-0.5086709438521059,0.8609610158889935,False,False,3871
234,23.4,26.9,46.53,17.99,547.56,2165.0409,323.64009999999996,1088.802,420.96599999999995,1251.657,8,0,0,234,-0.7748840413670406,-0.6321034111873488,0.9796136916454901,-0.2008905551306348,-0.4635502709028506,0.8860706215341381,False,False,4757
235,21.3,25.3,45.09,9.54,453.69000000000005,2033.1081000000004,91.01159999999999,960.4170000000001,203.202,1140.777,8,1,0,235,-0.7856498550787144,-0.6186714032625032,0.9721181966290613,-0.23449138957041005,-0.4171936026123164,0.9088176373395032,False,False,5892
236,22.6,26.5,59.89,16.45,510.76000000000005,3586.8121,270.60249999999996,1353.5140000000001,371.77,1587.085,8,2,0,236,-0.7961828637826154,-0.6050560696488494,0.963470548564149,-0.2678143051621735,-0.3697245428906726,0.9291414114031745,False,False,5128
237,23.1,27.3,76.4,13.7,533.61,5836.960000000001,187.68999999999997,1764.8400000000001,316.47,2085.7200000000003,8,3,0,237,-0.8064799463209447,-0.5912614448635783,0.9536809966304456,-0.3008198076356675,-0.32126966169236537,0.946987753076075,True,False,3540
238,23.7,28.0,75.36,5.46,561.6899999999999,5679.1296,29.8116,1786.032,129.402,2110.08,8,4,0,238,-0.8165380514459157,-0.5772916165517278,0.942761143390421,-0.33346877891818577,-0.2719581575341063,0.9623090774541484,False,False,4660
239,22.9,26.8,84.15,24.42,524.41,7081.222500000001,596.3364000000001,1927.035,559.218,2255.2200000000003,8,5,1,239,-0.8263541987239094,-0.5631507242749189,0.9307239310379796,-0.36572252349726875,-0.22192151300416613,0.9750645322571946,True,False,1111
240,24.0,27.4,55.61,19.8,576.0,3092.4721,392.04,1334.6399999999999,475.20000000000005,1523.714,8,6,1,240,-0.8359254794186365,-0.5488429582847199,0.9175836260593944,-0.3975428142825545,-0.17129314418147804,0.9852201067560605,False,False,4329
241,21.1,25.4,54.9,10.39,445.21000000000004,3014.0099999999998,107.95210000000002,1158.39,219.229,1394.4599999999998,8,0,0,241,-0.8452490573530633,-0.5343725582809785,0.903355802324684,-0.4288919379124845,-0.120208044899353,0.9927487224577402,False,False,4633
242,21.2,24.7,54.28,8.13,449.44,2946.3184,66.09690000000002,1150.7359999999999,172.35600000000002,1340.716,8,1,0,242,-0.8543221697498269,-0.5197438121555157,0.8880573226294932,-0.45973273945210413,-0.06880242680232,0.9976303053065857,False,False,5201
243,21.9,25.6,59.19,5.42,479.60999999999996,3503.4561,29.3764,1296.261,118.698,1515.2640000000001,8,2,0,243,-0.8631421280499115,-0.5049610547215202,0.8717063187093216,-0.4900286664290598,-0.017213356155836416,0.9998518392091161,False,False,5056
244,21.9,25.7,63.28,9.22,479.60999999999996,4004.3584,85.00840000000001,1385.8319999999999,201.918,1626.296,9,3,0,244,-0.8717063187093217,-0.4900286664290594,0.8543221697498272,-0.5197438121555152,0.03442161162274419,0.9994074007397048,False,False,5109
245,21.4,25.2,71.98,9.1,457.9599999999999,5181.120400000001,82.80999999999999,1540.372,194.73999999999998,1813.896,9,4,0,245,-0.8800122039735356,-0.4749510720670502,0.8359254794186367,-0.5488429582847194,0.08596479873744685,0.9962981749346077,True,False,4723
246,22.4,26.7,70.95,12.05,501.75999999999993,5033.9025,145.20250000000001,1589.28,269.92,1894.365,9,5,1,246,-0.888057322629493,-0.4597327394521046,0.8165380514459165,-0.5772916165517267,0.13727877211326533,0.9905324521322227,False,False,4479
247,24.1,28.3,73.47,13.42,580.8100000000001,5397.8409,180.0964,1770.6270000000002,323.422,2079.201,9,6,1,247,-0.8958392907349089,-0.4443781781046134,0.7961828637826157,-0.605056069648849,0.18822670984324494,0.9821256058680005,False,False,4937
248,22.6,26.3,78.25,13.83,510.76000000000005,6123.0625,191.2689,1768.45,312.55800000000005,2057.975,9,0,0,248,-0.9033558023246842,-0.4288919379124841,0.7748840413670414,-0.6321034111873478,0.23867276600594928,0.9711000518829506,True,False,3349
249,17.1,20.8,87.81,22.36,292.41,7710.596100000001,499.96959999999996,1501.5510000000002,382.356,1826.448,9,1,0,249,-0.9106046300942162,-0.41327860778290443,0.7526668275320086,-0.6584015846980485,0.28848243288060826,0.9574851883550395,False,True,2708
250,19.6,22.2,90.79,6.31,384.1600000000001,8242.824100000002,39.81609999999999,1779.4840000000002,123.676,2015.538,9,2,0,250,-0.9175836260593934,-0.3975428142825566,0.7295575540864886,-0.6839194216246094,0.33752289959411275,0.9413173175128472,False,True,1993
251,21.0,22.8,93.02,12.53,441.0,8652.7204,157.00089999999997,1953.4199999999998,263.13,2120.8559999999998,9,3,0,251,-0.9242907221930934,-0.3816892202666586,0.7055836101071772,-0.7086266782644604,0.38566340624360673,0.9226395488404877,False,True,1839
252,21.7,23.9,88.89,8.08,470.89,7901.4321,65.2864,1928.913,175.33599999999998,2124.471,9,4,0,252,-0.9307239310379793,-0.3657225234972692,0.6807734094770164,-0.7324940716135787,0.432775592550431,0.9015016841318841,True,False,3539
253,22.1,25.4,74.62,9.98,488.4100000000001,5568.144400000001,99.60040000000001,1649.1020000000003,220.55800000000002,1895.348,9,5,1,253,-0.9368813462954315,-0.34964745525122826,0.6551563572090847,-0.7554933140726807,0.47873384011578846,0.8779600847008882,False,False,5342
254,21.8,25.5,70.66,7.48,475.24,4992.835599999999,55.95040000000001,1540.388,163.06400000000002,1801.83,9,6,1,254,-0.9427611433904206,-0.33346877891818705,0.6287628145958349,-0.7775971469736266,0.5234156073655488,0.8520775211013101,False,False,5042
255,21.4,25.1,68.53,5.78,457.9599999999999,4696.360900000001,33.4084,1466.542,123.692,1720.103,9,0,0,255,-0.9483615800121716,-0.31719128858910595,0.6016240632249223,-0.798779372886365,0.5667017562911164,0.8239230057575551,False,False,4709
256,21.7,25.2,70.54,9.22,470.89,4975.891600000001,85.00840000000001,1530.718,200.074,1777.6080000000002,9,1,0,256,-0.9536809966304455,-0.300819807635668,0.5737722679043255,-0.8190148866680794,0.6084768701151251,0.7935716089521482,False,False,4759
257,22.6,26.3,69.01,10.87,510.76000000000005,4762.3801,118.15689999999998,1559.6260000000002,245.662,1814.9630000000002,9,2,0,257,-0.9587178169872964,-0.2843591872810036,0.5452404385406512,-0.8382797052177742,0.6486295610349819,0.7611042586607741,False,False,4784
258,18.7,22.7,70.21,17.62,349.69,4929.444099999999,310.4644,1312.927,329.494,1593.7669999999998,9,3,0,258,-0.9634705485641486,-0.26781430516217486,0.5160623910158538,-0.8565509959010029,0.6870527672236676,0.7266075247685649,True,False,3657
259,14.2,18.1,58.45,10.67,201.64,3416.4025,113.8489,829.99,151.51399999999998,1057.9450000000002,9,4,0,259,-0.9679377830240641,-0.25119006388481957,0.4862727071086906,-0.8738071036110805,0.7236440382959118,0.6901733882429726,True,False,4758
260,15.2,18.9,71.11,12.33,231.04,5056.6321,152.0289,1080.8719999999998,187.416,1343.9789999999998,9,5,1,260,-0.9721181966290612,-0.23449138957041052,0.45590669350846025,-0.8900275764346759,0.7583058084785621,0.651898995878713,True,False,4510
261,15.8,19.5,68.8,11.6,249.64000000000001,4733.44,134.56,1087.04,183.28,1341.6,9,6,1,261,-0.9760105506323682,-0.21772323039653224,0.4250003399695548,-0.9051931898913971,0.790945656756777,0.6118864012687247,False,False,4273
262,17.5,21.5,68.31,9.86,306.25,4666.2561000000005,97.21959999999999,1195.425,172.54999999999998,1468.665,9,0,0,262,-0.9796136916454901,-0.20089055513063528,0.39359027665646695,-0.9192859697186103,0.8214765533024141,0.5702422926917873,True,False,4535
263,18.0,21.6,87.24,8.77,324.0,7610.817599999999,76.9129,1570.32,157.85999999999999,1884.384,9,1,0,263,-0.9829265519799822,-0.18399835165767986,0.36171373072976704,-0.9322892131745135,0.8498170915275278,0.5270777086423722,True,False,3636
264,19.4,22.5,89.1,6.27,376.35999999999996,7938.809999999999,39.31289999999999,1728.5399999999997,121.63799999999998,2004.7499999999998,9,2,0,264,-0.9859481499638303,-0.1670516255021195,0.3294084822245307,-0.9441875088341992,0.875891705144243,0.4825077417612183,True,False,4351
265,20.8,22.7,89.31,8.33,432.64000000000004,7976.2761,69.3889,1857.6480000000001,173.264,2027.337,9,3,0,265,-0.9886775902323404,-0.15005539834465262,0.29671281927349014,-0.9549667548552553,0.8996308696522427,0.4366512319560653,True,False,4792
266,20.0,21.1,96.28,5.09,400.0,9269.8384,25.908099999999997,1925.6,101.8,2031.5080000000003,9,4,0,266,-0.9911140639934546,-0.13301470653419636,0.26366549272800816,-0.9646141756912432,0.9209712877166341,0.38963044953078924,True,False,2392
267,19.9,23.2,85.39,5.09,396.00999999999993,7291.4521,25.908099999999997,1699.261,101.291,1981.048,9,5,1,267,-0.9932568492674143,-0.11593459959550066,0.23030567023061246,-0.9731183372332619,0.9398560579418951,0.34157076916785667,True,False,5424
268,21.0,23.6,83.66,3.27,441.0,6998.995599999999,10.6929,1756.86,68.67,1974.376,9,6,1,268,-0.9951053111006974,-0.09882013873287211,0.19667288979357758,-0.9804691603616318,0.9562348265919058,0.29260033563334775,True,False,5004
269,21.6,24.5,83.98,7.2,466.56000000000006,7052.6404,51.84,1813.9680000000003,155.52,2057.51,9,0,0,269,-0.99665890175417,-0.08167639533042288,0.16280701293851738,-0.9866579328916569,0.9700639218515072,0.24284972209593478,True,False,4628
270,21.1,23.7,87.66,7.68,445.21000000000004,7684.275599999999,58.9824,1849.626,162.048,2077.542,9,1,0,270,-0.9979171608653922,-0.06450844944931625,0.1287481774525807,-0.99167731989929,0.9813064702716089,0.19245158197083242,True,False,4116
271,21.0,23.8,84.03,9.66,441.0,7061.0409,93.3156,1764.63,202.86,1999.914,9,2,0,271,-0.9988797155850335,-0.04732138832243232,0.09453674981720026,-0.9955213724144751,0.9899324950873529,0.14154029521704373,True,False,3903
272,20.3,23.7,69.22,11.24,412.09000000000003,4791.4084,126.33760000000001,1405.166,228.17200000000003,1640.514,9,3,0,272,-0.9995462806873573,-0.03012030484690836,0.060213277365793266,-0.9981855344718586,0.995918996147179,0.09025161003104143,False,False,4835
273,18.1,22.2,64.1,13.42,327.61000000000007,4108.8099999999995,180.0964,1160.21,242.90200000000002,1423.0199999999998,9,4,0,273,-0.9999166586547379,-0.012910296075008843,0.02581844022713244,-0.9996666485105112,0.9992500112396835,0.03872228089217473,False,False,5198
274,11.8,15.6,74.62,19.0,139.24,5568.144400000001,361.0,880.5160000000001,224.20000000000002,1164.0720000000001,10,5,1,274,-0.9999907397361901,0.004303538296243821,-0.008606996888687764,-0.9999629591162655,0.9999166586547379,-0.012910296075008995,True,False,2424
275,9.6,12.3,78.38,14.43,92.16,6143.424399999999,208.2249,752.448,138.528,964.074,10,6,1,275,-0.9997685019798909,0.021516097436222233,-0.04302223300453054,-0.99907411510223,0.9979171608653922,-0.0645084494493164,True,False,2914
276,10.8,14.6,75.32,5.42,116.64000000000001,5673.102399999999,29.3764,813.456,58.536,1099.6719999999998,10,0,0,276,-0.9992500112396835,0.03872228089217399,-0.07738647923346208,-0.9970011699250152,0.9932568492674144,-0.11593459959549905,True,False,3567
277,14.9,18.6,70.29,13.38,222.01000000000002,4940.684100000001,179.0244,1047.3210000000001,199.36200000000002,1307.3940000000002,10,1,0,277,-0.9984354211555643,0.05591699010060302,-0.11165900712169419,-0.9937465804361781,0.9859481499638306,-0.16705162550211788,False,False,4451
278,17.1,21.4,64.14,11.52,292.41,4113.9396,132.7104,1096.794,196.99200000000002,1372.596,10,2,0,278,-0.9973249731081555,0.07309512989807776,-0.14579919691987506,-0.9893142039703663,0.9760105506323685,-0.21772323039653063,False,False,4823
279,15.3,19.0,61.46,8.77,234.09000000000003,3777.3316,76.9129,940.3380000000001,134.181,1167.74,10,3,0,279,-0.9959189961471792,0.0902516100310407,-0.17976658572556148,-0.9837092937736099,0.963470548564149,-0.2678143051621733,False,False,4760
280,15.9,20.2,67.73,1.46,252.81,4587.352900000001,2.1315999999999997,1076.9070000000002,23.214,1368.146,10,4,0,280,-0.994217906893952,0.10738134666416306,-0.2135209154397961,-0.9769384927771817,0.9483615800121713,-0.3171912885891069,False,False,4979
281,16.4,20.7,69.42,2.95,268.96,4819.1364,8.7025,1138.4879999999998,48.379999999999995,1436.994,10,5,1,281,-0.9922222094179324,0.12447926388678869,-0.2470221804809346,-0.9690098257244064,0.930723931037979,-0.3657225234972702,False,False,5407
282,17.2,21.2,72.02,4.12,295.84,5186.880399999999,16.9744,1238.744,70.864,1526.8239999999998,10,6,1,282,-0.989932495087353,0.141540295217043,-0.28023067519921585,-0.9599326896597447,0.9106046300942172,-0.4132786077829021,False,False,5509
283,18.4,22.1,72.64,2.75,338.55999999999995,5276.5696,7.5625,1336.5759999999998,50.599999999999994,1605.344,10,0,0,283,-0.9873494423939864,0.15855938510313475,-0.31310704093582686,-0.9497178427914317,0.8880573226294933,-0.4597327394521039,False,False,5113
284,18.2,22.3,80.07,9.3,331.23999999999995,6411.204899999999,86.49000000000001,1457.274,169.26000000000002,1785.561,10,1,0,284,-0.9844738167520923,0.17553149042142777,-0.3456123126707326,-0.9383773917408644,0.8631421280499114,-0.5049610547215203,True,False,4561
285,17.3,20.9,89.72,16.13,299.29,8049.6784,260.1769,1552.156,279.049,1875.148,10,2,0,285,-0.9813064702716093,0.19245158197082995,-0.3777079652039649,-0.9259247771938498,0.8359254794186369,-0.5488429582847193,False,True,2415
286,19.2,22.6,88.77,9.22,368.64,7880.112899999999,85.00840000000001,1704.3839999999998,177.024,2006.202,10,3,0,286,-0.9778483415056568,0.20931464596304888,-0.4093559588156221,-0.912374757970727,0.8064799463209446,-0.5912614448635785,True,False,2910
287,17.6,21.5,70.91,14.55,309.76000000000005,5028.228099999999,211.70250000000001,1248.016,256.08000000000004,1524.5649999999998,10,4,0,287,-0.9741004551724206,0.22611568550828803,-0.4405187843504946,-0.8977433935342339,0.7748840413670416,-0.6321034111873476,True,False,3640
288,15.8,19.9,47.85,16.78,249.64000000000001,2289.6225,281.56840000000005,756.0300000000001,265.124,952.2149999999999,10,5,1,288,-0.970063921851507,0.2428497220959358,-0.47115950767386416,-0.8820480249558535,0.7412220108485965,-0.6712599575675307,False,False,5216
289,16.0,20.2,48.18,18.31,256.0,2321.3124,335.25609999999995,770.88,292.96,973.236,10,6,1,289,-0.965739937654855,0.25951179706979943,-0.5012418134457749,-0.8653072543632065,0.7055836101071786,-0.7086266782644589,False,False,5039
290,16.9,20.5,57.38,11.4,285.60999999999996,3292.4644000000003,129.96,969.722,192.66,1176.29,10,0,0,290,-0.9611297838723007,0.27609697309746883,-0.5307300481619333,-0.8475409228928311,0.6680638642135341,-0.74410393987136,False,False,4568
291,16.8,21.1,69.47,7.16,282.24,4826.0809,51.2656,1167.096,120.28800000000001,1465.817,10,1,0,291,-0.9562348265919058,0.2926003356333479,-0.5595892624101757,-0.8287700871745043,0.6287628145958337,-0.7775971469736275,True,False,4748
292,17.2,20.7,88.63,15.82,295.84,7855.276899999999,250.2724,1524.436,272.104,1834.6409999999998,10,2,0,292,-0.9510565162951536,0.30901699437494723,-0.5877852522924728,-0.8090169943749477,0.5877852522924721,-0.8090169943749481,False,True,2420
293,14.5,18.3,62.99,27.45,210.25,3967.7401000000004,753.5024999999999,913.355,398.025,1152.717,10,3,0,293,-0.9455963874271428,0.3253420847119795,-0.6152845999633265,-0.7883050558305263,0.5452404385406528,-0.8382797052177731,False,False,4192
294,12.5,16.2,56.84,14.39,156.25,3230.7856000000006,207.0721,710.5,179.875,920.808,10,4,0,294,-0.9398560579418953,0.341570769167856,-0.6420547132365644,-0.7666588193001584,0.5012418134457758,-0.865307254363206,False,False,4300
295,12.3,16.3,62.29,6.02,151.29000000000002,3880.0441,36.240399999999994,766.167,74.04599999999999,1015.327,10,5,1,295,-0.9338372288229252,0.35769823883312546,-0.6680638642135335,-0.7441039398713607,0.45590669350845886,-0.8900275764346767,False,False,4305
296,12.3,16.1,73.38,6.47,151.29000000000002,5384.6244,41.860899999999994,902.574,79.581,1181.4180000000001,10,6,1,296,-0.9275416835791965,0.3737197147904692,-0.6932812268869779,-0.7206671495538607,0.40935595881562137,-0.9123747579707273,False,False,4376
297,14.0,17.9,76.44,7.72,196.0,5843.0736,59.5984,1070.1599999999999,108.08,1368.2759999999998,10,0,0,297,-0.9209712877166346,0.38963044953078774,-0.7176769136759616,-0.6963762255968725,0.36171373072976726,-0.9322892131745135,False,False,4182
298,14.3,18.2,61.67,10.83,204.49,3803.1889,117.2889,881.8810000000001,154.869,1122.394,10,1,0,298,-0.9141279881853337,0.4054257283599973,-0.7412220108485958,-0.6712599575675313,0.3131070409358278,-0.9497178427914313,False,False,4684
299,14.9,18.6,71.32,9.66,222.01000000000002,5086.542399999999,93.3156,1062.668,143.934,1326.552,10,2,0,299,-0.9070138128026362,0.42110087079608916,-0.7638886127905421,-0.6453481132295509,0.2636654927280084,-0.9646141756912432,True,False,3895
300,14.3,17.9,80.48,12.85,204.49,6477.030400000001,165.1225,1150.864,183.755,1440.5919999999999,10,3,0,300,-0.8996308696522434,0.4366512319560638,-0.7856498550787143,-0.6186714032625035,0.21352091543979704,-0.9769384927771815,True,False,2656
301,8.6,10.9,58.0,14.92,73.96,3364.0,222.6064,498.79999999999995,128.31199999999998,632.2,10,4,0,301,-0.8919813464595487,0.45207220393230374,-0.806479946320944,-0.5912614448635792,0.16280701293851763,-0.9866579328916569,True,False,3745
302,5.4,6.4,87.37,22.84,29.160000000000004,7633.5169000000005,521.6656,471.79800000000006,123.33600000000001,559.168,10,5,1,302,-0.8840675099433637,0.46735921715800205,-0.8263541987239093,-0.563150724274919,0.11165900712169516,-0.993746580436178,False,True,625
303,8.1,11.1,61.75,11.48,65.61,3813.0625,131.7904,500.17499999999995,92.988,685.425,10,6,1,303,-0.8758917051442433,0.48250774176121763,-0.8452490573530623,-0.5343725582809802,0.06021327736579174,-0.9981855344718588,False,False,3327
304,8.9,12.8,69.63,6.91,79.21000000000001,4848.336899999999,47.7481,619.707,61.499,891.264,10,0,0,304,-0.8674563547295971,0.4975132889071803,-0.863142128049911,-0.5049610547215212,0.008606996888690521,-0.9999629591162655,False,False,3666
305,11.4,14.9,67.69,8.81,129.96,4581.9361,77.6161,771.666,100.43400000000001,1008.581,11,1,0,305,-0.8587639582758031,0.5123714121284235,-0.8800122039735355,-0.4749510720670504,-0.04302223300452852,-0.9990741151022301,False,False,4063
306,10.5,14.5,71.16,5.34,110.25,5063.745599999999,28.5156,747.18,56.07,1031.82,11,2,0,306,-0.8498170915275277,0.5270777086423724,-0.8958392907349091,-0.44437817810461283,-0.09453674981719927,-0.9955213724144752,False,False,4182
307,11.7,15.3,69.51,8.89,136.89,4831.6401000000005,79.03210000000001,813.267,104.013,1063.5030000000002,11,3,0,307,-0.8406184056344783,0.5416278206559811,-0.9106046300942161,-0.41327860778290465,-0.1457991969198748,-0.9893142039703663,False,False,3972
308,11.5,15.2,61.63,17.67,132.25,3798.2569000000003,312.22890000000007,708.745,203.205,936.776,11,4,0,308,-0.8311706263658079,0.5560174366570446,-0.9242907221930933,-0.3816892202666588,-0.1966728897935766,-0.980469160361632,True,False,4043
309,8.4,11.2,51.4,12.29,70.56,2641.96,151.0441,431.76,103.236,575.68,11,5,1,309,-0.8214765533024145,0.5702422926917867,-0.9368813462954312,-0.3496474552512293,-0.24702218048093438,-0.9690098257244065,False,False,3926
310,9.3,13.1,72.72,5.98,86.49000000000001,5288.1984,35.760400000000004,676.296,55.61400000000001,952.632,11,6,1,310,-0.8115390590073611,0.5842981736283683,-0.9483615800121715,-0.31719128858910617,-0.2967128192734892,-0.9549667548552555,False,False,3648
311,11.2,15.0,75.12,3.72,125.43999999999998,5643.014400000001,13.838400000000002,841.344,41.664,1126.8000000000002,11,0,0,311,-0.801361088174677,0.5981809144059159,-0.9587178169872961,-0.28435918728100473,-0.34561231267073406,-0.9383773917408639,False,False,4030
312,11.7,15.6,71.45,4.49,136.89,5105.1025,20.160100000000003,835.965,52.533,1114.6200000000001,11,1,0,312,-0.7909456567567774,0.6118864012687242,-0.9679377830240641,-0.2511900638848198,-0.393590276656466,-0.9192859697186108,False,False,4203
313,11.4,15.5,75.07,4.04,129.96,5635.504899999999,16.3216,855.798,46.056000000000004,1163.5849999999998,11,2,0,313,-0.780295851070776,0.6254105729852457,-0.976010550632368,-0.21772323039653332,-0.44051878435049596,-0.8977433935342333,False,False,4105
314,10.6,13.7,80.52,12.29,112.36,6483.470399999999,151.0441,853.512,130.27399999999997,1103.1239999999998,11,3,0,314,-0.7694148268839381,0.6387494220515268,-0.982926551979982,-0.18399835165768097,-0.48627270710868975,-0.873807103611081,True,False,2928
315,8.3,10.3,44.18,20.45,68.89000000000001,1951.8724,418.2025,366.694,169.735,455.05400000000003,11,4,0,315,-0.7583058084785625,0.6518989958787125,-0.9886775902323404,-0.15005539834465284,-0.5307300481619316,-0.8475409228928322,False,False,3365
316,9.6,12.9,54.74,13.78,92.16,2996.4676000000004,189.8884,525.504,132.28799999999998,706.1460000000001,11,5,1,316,-0.7469720876965551,0.6648553979642866,-0.9932568492674143,-0.11593459959550002,-0.5737722679043247,-0.81901488666808,False,False,4064
317,13.1,16.5,45.37,18.31,171.60999999999999,2058.4368999999997,335.25609999999995,594.347,239.861,748.6049999999999,11,6,1,317,-0.7354170229639858,0.6776147890466887,-0.99665890175417,-0.08167639533042312,-0.6152845999633263,-0.7883050558305265,False,False,3715
318,16.7,21.2,58.12,19.93,278.89,3377.9343999999996,397.2049,970.6039999999999,332.83099999999996,1232.144,11,0,0,318,-0.7236440382959123,0.690173388242972,-0.9988797155850336,-0.04732138832243168,-0.6551563572090854,-0.7554933140726802,False,False,4484
319,16.7,20.4,68.19,12.98,278.89,4649.8760999999995,168.4804,1138.773,216.766,1391.0759999999998,11,1,0,319,-0.7116566222817751,0.7025274741691566,-0.9999166586547379,-0.012910296075009976,-0.6932812268869765,-0.7206671495538621,True,False,4192
320,13.7,17.6,92.07,8.89,187.68999999999997,8476.8849,79.03210000000001,1261.359,121.793,1620.432,11,2,0,320,-0.6994583270516471,0.7146733860429609,-0.9997685019798909,0.021516097436221987,-0.7295575540864855,-0.6839194216246127,False,True,1813
321,9.0,11.2,57.01,19.85,81.0,3250.1400999999996,394.02250000000004,513.09,178.65,638.512,11,3,0,321,-0.6870527672236675,0.726607524768565,-0.9984354211555644,0.05591699010060189,-0.763888612790542,-0.645348113229551,True,False,3050
322,6.2,8.6,40.59,10.95,38.440000000000005,1647.5481000000002,119.90249999999999,251.65800000000002,67.89,349.074,11,4,0,322,-0.6744436188329457,0.7383263540031063,-0.9959189961471792,0.09025161003104046,-0.796182863782614,-0.6050560696488512,False,False,3390
323,8.5,11.2,49.71,14.59,72.25,2471.0841,212.8681,422.535,124.015,556.752,11,5,1,323,-0.661634618242279,0.749826401204568,-0.9922222094179325,0.12447926388678757,-0.8263541987239091,-0.5631507242749192,False,False,3662
324,14.0,17.9,67.77,12.09,196.0,4592.772899999999,146.1681,948.78,169.26,1213.0829999999999,11,6,1,324,-0.6486295610349818,0.7611042586607742,-0.9873494423939866,0.1585593851031336,-0.8543221697498276,-0.5197438121555146,True,False,3516
325,13.3,17.3,90.09,8.97,176.89000000000001,8116.208100000001,80.46090000000001,1198.1970000000001,119.30100000000002,1558.557,11,0,0,325,-0.6354323008901775,0.7721565844991641,-0.9813064702716094,0.1924515819708297,-0.8800122039735354,-0.4749510720670506,False,True,2762
326,12.1,16.1,95.29,7.72,146.41,9080.1841,59.5984,1153.009,93.41199999999999,1534.1690000000003,11,1,0,326,-0.622046748440868,0.7829801036770625,-0.9741004551724208,0.22611568550828695,-0.9033558023246836,-0.42889193791248537,False,True,1603
327,13.1,16.5,75.03,21.83,171.60999999999999,5629.5009,476.54889999999995,982.893,285.97299999999996,1237.9950000000001,11,2,0,327,-0.6084768701151264,0.7935716089521472,-0.9657399376548551,0.25951179706979915,-0.9242907221930933,-0.3816892202666591,True,False,2562
328,10.3,13.6,54.37,10.87,106.09000000000002,2956.0968999999996,118.15689999999998,560.011,111.961,739.4319999999999,11,3,0,328,-0.594726686960764,0.8039279618328208,-0.9562348265919062,0.2926003356333468,-0.9427611433904202,-0.3334687789181884,False,False,1492
329,10.4,14.0,63.73,6.43,108.16000000000001,4061.5128999999997,41.344899999999996,662.792,66.872,892.2199999999999,11,4,0,329,-0.5808002734538013,0.8140460935082175,-0.9455963874271429,0.32534208471197923,-0.9587178169872965,-0.28435918728100323,False,False,2791
330,10.4,14.3,67.49,4.45,108.16000000000001,4554.900099999999,19.802500000000002,701.896,46.28,965.107,11,5,1,330,-0.5667017562911184,0.8239230057575536,-0.933837228822926,0.35769823883312357,-0.9721181966290611,-0.234491389570411,False,False,3067
331,13.8,17.8,69.13,13.58,190.44000000000003,4778.956899999999,184.4164,953.994,187.40400000000002,1230.514,11,6,1,331,-0.5524353131676203,0.8335557718385695,-0.9209712877166351,0.3896304495307867,-0.9829265519799824,-0.18399835165767947,False,False,3065
332,15.6,19.5,73.56,9.24,243.35999999999999,5411.073600000001,85.3776,1147.536,144.144,1434.42,11,0,0,332,-0.5380051715382992,0.8429415373547832,-0.9070138128026355,0.42110087079609054,-0.9911140639934546,-0.13301470653419684,False,False,3866
333,13.8,17.6,82.25,16.78,190.44000000000003,6765.0625,281.56840000000005,1135.05,231.56400000000002,1447.6000000000001,11,1,0,333,-0.5234156073655503,0.8520775211013093,-0.8919813464595485,0.4520722039323043,-0.9966589017541699,-0.08167639533042513,True,False,2910
334,8.3,10.6,60.72,17.63,68.89000000000001,3686.9184,310.8169,503.97600000000006,146.329,643.632,11,2,0,334,-0.5086709438521042,0.8609610158889945,-0.8758917051442426,0.48250774176121897,-0.9995462806873573,-0.03012030484690885,False,False,3610
335,7.8,10.3,51.93,14.31,60.839999999999996,2696.7249,204.7761,405.054,111.618,534.879,12,3,0,335,-0.49377555015997737,0.8695893893466109,-0.8587639582758032,0.5123714121284233,-0.9997685019798908,0.02151609743622352,False,False,3722
336,7.9,11.6,61.96,6.55,62.410000000000004,3839.0416,42.902499999999996,489.48400000000004,51.745,718.736,12,4,0,336,-0.4787338401157883,0.8779600847008883,-0.840618405634478,0.5416278206559817,-0.9973249731081556,0.07309512989807726,False,False,3935
337,7.3,10.5,60.68,6.23,53.29,3682.0624,38.812900000000006,442.964,45.479,637.14,12,5,1,337,-0.4635502709028512,0.8860706215341378,-0.8214765533024146,0.5702422926917865,-0.9922222094179325,0.12447926388678732,False,False,3611
338,8.6,12.5,76.81,5.46,73.96,5899.7761,29.8116,660.566,46.955999999999996,960.125,12,6,1,338,-0.4482293417404106,0.893918596519257,-0.8013610881746766,0.5981809144059164,-0.9844738167520922,0.17553149042142815,False,False,3481
339,10.8,14.7,81.88,4.04,116.64000000000001,6704.334399999999,16.3216,884.304,43.632000000000005,1203.636,12,0,0,339,-0.4327755925504317,0.9015016841318838,-0.7802958510707761,0.6254105729852455,-0.9741004551724209,0.2261156855082867,True,False,3808
340,14.0,17.8,94.01,15.12,196.0,8837.8801,228.6144,1316.14,211.67999999999998,1673.3780000000002,12,1,0,340,-0.41719360261231697,0.9088176373395028,-0.7583058084785628,0.6518989958787123,-0.9611297838723006,0.2760969730974692,False,True,2588
341,11.8,15.0,96.07,17.3,139.24,9229.444899999999,299.29,1133.626,204.14000000000001,1441.05,12,2,0,341,-0.4014879892059737,0.9158642882672868,-0.7354170229639865,0.6776147890466879,-0.9455963874271429,0.325342084711979,False,True,701
342,5.9,7.8,57.42,15.6,34.81,3297.0564000000004,243.35999999999999,338.778,92.04,447.876,12,3,0,342,-0.38566340624360745,0.9226395488404875,-0.7116566222817752,0.7025274741691564,-0.9275416835791964,0.3737197147904696,False,False,3317
343,6.9,10.9,68.89,5.38,47.61000000000001,4745.8321,28.944399999999998,475.341,37.122,750.9010000000001,12,4,0,343,-0.3697245428906732,0.9291414114031743,-0.687052767223667,0.7266075247685655,-0.9070138128026363,0.4211008707960887,False,False,3615
344,6.3,8.3,50.24,15.16,39.69,2524.0576,229.8256,316.512,95.508,416.9920000000001,12,5,1,344,-0.35367612217637207,0.935367949313148,-0.6616346182422791,0.7498264012045679,-0.8840675099433648,0.467359217158,False,False,3188
345,4.1,7.7,48.51,4.33,16.81,2353.2201,18.7489,198.89099999999996,17.753,373.527,12,6,1,345,-0.33752289959411347,0.941317317512847,-0.6354323008901778,0.772156584499164,-0.8587639582758033,0.5123714121284231,False,False,2741
346,4.8,8.5,66.41,4.12,23.04,4410.2881,16.9744,318.768,19.776,564.485,12,0,0,346,-0.32126966169236515,0.9469877530760751,-0.6084768701151273,0.7935716089521465,-0.8311706263658072,0.5560174366570456,False,False,3307
347,6.6,10.1,58.41,9.14,43.559999999999995,3411.7281,83.53960000000001,385.506,60.324,589.9409999999999,12,1,0,347,-0.3049212246562894,0.9523775757303973,-0.5808002734538015,0.8140460935082173,-0.8013610881746767,0.5981809144059161,False,False,3523
348,8.0,11.9,65.71,3.96,64.0,4317.804099999999,15.6816,525.68,31.68,781.949,12,2,0,348,-0.2884824328806098,0.9574851883550389,-0.5524353131676212,0.8335557718385689,-0.769414826883939,0.6387494220515257,True,False,3735
349,12.3,15.6,62.78,17.42,151.29000000000002,3941.3284000000003,303.4564000000001,772.1940000000001,214.26600000000002,979.368,12,3,0,349,-0.27195815753410524,0.9623090774541487,-0.5234156073655497,0.8520775211013096,-0.7354170229639855,0.677614789046689,True,False,3706
350,10.4,13.0,49.54,16.94,108.16000000000001,2454.2116,286.96360000000004,515.216,176.17600000000002,644.02,12,4,0,350,-0.2553532951161881,0.9668478136052773,-0.49377555015997915,0.8695893893466099,-0.6994583270516481,0.7146733860429599,True,False,3573
351,5.6,7.5,55.52,15.81,31.359999999999996,3082.4704,249.95610000000002,310.912,88.536,416.40000000000003,12,5,1,351,-0.23867276600594997,0.9711000518829505,-0.4635502709028506,0.8860706215341381,-0.661634618242278,0.7498264012045689,True,False,2739
352,4.8,7.3,58.04,11.04,23.04,3368.6416,121.88159999999998,278.592,52.992,423.692,12,6,1,352,-0.22192151300416674,0.9750645322571945,-0.4327755925504335,0.9015016841318829,-0.6220467484408684,0.7829801036770622,False,False,2432
353,6.3,9.0,63.11,11.24,39.69,3982.8721,126.33760000000001,397.59299999999996,70.812,567.99,12,0,0,353,-0.20510449986861926,0.9787400799669153,-0.4014879892059731,0.9158642882672872,-0.5808002734538003,0.8140460935082182,False,False,3400
354,10.8,14.8,58.95,4.0,116.64000000000001,3475.1025000000004,16.0,636.6600000000001,43.2,872.46,12,1,0,354,-0.1882267098432439,0.9821256058680006,-0.3697245428906726,0.9291414114031745,-0.5380051715383003,0.8429415373547824,True,False,3746
355,12.6,16.4,84.97,14.39,158.76,7219.9009,207.0721,1070.6219999999998,181.314,1393.5079999999998,12,2,0,355,-0.1712931441814778,0.9852201067560606,-0.3375228995941137,0.9413173175128469,-0.49377555015997937,0.8695893893466098,True,False,2659
356,12.4,16.3,74.99,3.07,153.76000000000002,5623.500099999999,9.4249,929.876,38.068,1222.337,12,3,0,356,-0.154308820664281,0.9880226656636976,-0.3049212246562888,0.9523775757303975,-0.44822934174041107,0.8939185965192568,True,False,3067
357,10.3,13.9,67.94,17.83,106.09000000000002,4615.843599999999,317.90889999999996,699.782,183.649,944.366,12,4,0,357,-0.13727877211326517,0.9905324521322227,-0.2719581575341063,0.9623090774541484,-0.40148798920597495,0.9158642882672863,False,False,2206
358,7.4,10.0,53.71,12.37,54.760000000000005,2884.7641,153.0169,397.454,91.538,537.1,12,5,1,358,-0.12020804489935275,0.9927487224577402,-0.23867276600595022,0.9711000518829503,-0.35367612217637173,0.9353679493131482,False,False,1009
359,6.3,9.0,67.45,10.08,39.69,4549.5025000000005,101.60640000000001,424.935,63.504,607.0500000000001,12,6,1,359,-0.10310169744743544,0.9946708199115211,-0.20510449986862037,0.9787400799669149,-0.30492122465629073,0.9523775757303969,False,False,753
360,8.2,10.8,50.19,15.57,67.24,2519.0361,242.4249,411.55799999999994,127.67399999999999,542.052,12,0,0,360,-0.0859647987374467,0.9962981749346077,-0.17129314418147804,0.9852201067560605,-0.2553532951161868,0.9668478136052776,False,False,1315
361,8.3,11.4,75.49,12.25,68.89000000000001,5698.740099999999,150.0625,626.567,101.67500000000001,860.586,12,1,0,361,-0.06880242680232064,0.9976303053065857,-0.1372787721132663,0.9905324521322226,-0.20510449986862062,0.9787400799669149,True,False,1161
362,7.3,9.0,49.89,19.11,53.29,2489.0121,365.1921,364.197,139.503,449.01,12,2,0,362,-0.05161966722325418,0.9986668162884759,-0.10310169744743568,0.994670819911521,-0.15430882066428062,0.9880226656636977,False,False,2301
363,5.2,8.2,56.84,7.76,27.040000000000003,3230.7856000000006,60.2176,295.56800000000004,40.352,466.08799999999997,12,3,0,363,-0.034421611622745804,0.9994074007397048,-0.06880242680232,0.9976303053065857,-0.10310169744743593,0.994670819911521,False,False,2421
364,7.8,10.9,63.03,8.73,60.839999999999996,3972.7809,76.2129,491.634,68.09400000000001,687.027,12,4,0,364,-0.01721335615583528,0.9998518392091162,-0.03442161162274694,0.9994074007397047,-0.051619667223252896,0.998666816288476,False,False,2995
365,11.8,15.7,60.97,14.31,139.24,3717.3408999999997,204.7761,719.446,168.858,957.2289999999999,12,5,1,365,6.432490598706546e-16,1.0,1.2864981197413093e-15,1.0,-7.347880794884119e-16,1.0,False,False,2485
